UUID,FILE,QUOTE_TRANSCRIPTION,ANCHOR,TYPE,URI,VOCAB_LABEL,VOCAB_TEMPORAL_BOUNDS,LAT,LNG,PLACE_TYPE,VERIFICATION_STATUS,TAGS,COMMENTS,GROUP_ID,GROUP_ORDER
ba677bca-861c-4861-b4b0-9690488d2b45,1901-02a.txt,"Wir dürfett es nicht, weil die Genossin Luxemburg eine von uns besorgte, Publikation alter Schriften von Marx und Engels im „Vorwärts"" wohlwollend angezeigt hat, was einem rhadamanthischen Genossen in Lübeck die freundliche Anspielung nahe legte, er und seine Freunde gehörten nicht zu den Leuten, de e¬ sich gegenseitig versicherten, wie prächtig ihr letztes Buch gerathen sei. So ernst¬ gemahnt von einem ständigen Mitarbeiter der „Sozialistischen Monatshefte“ deren keusche Enthaltfamkeit von jeder Reklame die Bewunderung der Mitwelt, erregt, missen wir uns jedes Wort versagen, das wie ein Lob der Genosstne Luxemburg klingen könnte.",char-offset:6510,,,,,,,,,Allusion,Potential reference to different editions/forewords to Manifesto,,
d1324d9a-93f9-4770-a97d-73eee69fc8a5,1901-02a.txt,"Diese ist sogar die spezifische Form für die Diktatur des Proletariats, wie schon die große französische Revolution gezeigt hat.",char-offset:36352,,,,,,,,,Manifest der Kommunistischen Partei|Concept Reference,Diktatur des Proletariats:,,
4b7b0519-8bf7-4adb-95fc-0a6b0ccfca3e,1901-02a.txt,"Schon 1871 hatte Marx vorausgesagt, daß die Annexion Elsaß=Lothringens Frankreich in die Arme Rußlands werfen würde. Seine Prophezeiung hat sich vollauf bewahrheitet.",char-offset:165295,,,,,,,,,Non_Kapital,,,
2db809f7-bafb-4659-8c10-314b01fc474a,1901-02a.txt,"Aber während so die neue Fassung in dem Streben, revistonistischen Miß¬ verständnissen vorzubeugen, dem soztalistischen Bewußtsein mehr zumuthet, als es leisten kann, öffnet sie einem anderett revisionistischen Mißverständniß die Thore, Manche unserer revisionistischen Kritiker nehmen an, Marx hätte behauptet, die ökonomische Entwicklung und der Klassenkampf schüfen nicht blos die Vorbedingungen, sozialistischer Produktion, sondern auch direkt die Erkenntniß ihrer Nothwendig¬ keit, und da sind die Kritiker gleich fertig mit dem Einwand, daß das Land¬ der höchsten kapitalistischen Entwicklung, England, von allen modernen Ländern, am freiesten von dieser Erkeuntniß sei.",char-offset:297052,,,,,,,,,Allusion,,,
ae2359b1-7e35-4330-93e4-c6b9475e1f96,1901-02a.txt,"Es ist ein heiteres Zusammentreffen, daß während die handelsvertragsfreund¬ liche Bourgeoiste ihre Hoffnungen auf den Kaiser, das brotwucherfreundliche Junkerthum seine Hoffnungen auf — Karl Marx setzt. Dessen Rede über den Freihandel aus den ersten Tagen des Jahres 1847 wird wieder vorgeritten, als, Beweis dafür, daß Marx ein Gegner des Freihandels und ein Anhänger des Schutz¬ zolls gewesen sei. Wie oft dieser Humbug auch schon todtgeschlagen worden ist, er taucht immer wieder in der reaktionären Presse auf, wie in der liberalet der gleichwerthige Humbug, die Sozialdemokratie habe feierlich das Lassallesche Lohn¬ gesetz verleugnet, obgleich sie ehedem das Bekenntniß zu diesem Lohngesetz als den Prüfstein ehrlicher und kundtger Arbeiterfreundschaft hingestellt habe. Ganz¬ wider Willen fressen sich dabei diese beiden Humbugs, wie jene berühmten Löwen, gegenseitig bis auf die Schwänze auf. Das einzige Argument, das sich etwa¬ dafür geltend machen ließe, daß Marx ein Freund des Brotwuchers gewesen sei, setzt die Giltigkeit des Lassalleschen Lohngesetzes voraus, und die Hinfälligkeit dieses Lohngesetzes beseitigt den einen Satz, auf den hin die agrarische Presse, mit Marx krebst. Bekanntlich ist die Rede, die Marx 1847 über den Freihandel gehalten hat, licht zu Gunsten der Schutzzöllneret, über die sich Marx gleichzeitig noch viel¬ abfälliger ausfprach, sondern zu Ungunsten derjenigen Freihändler gehalten wor¬ den, die mit ihrem angeblich tausendjährigen Reiche der Freiheit und des Friedens die Arbeiter über deren wahre Interessen täuschten und das Proletariat als kapitalistischen Vorspann mißbrauchen wollten. Marx sagt in seiner Rede, die englischen Arbeiter hätten dies feine Plänchen durchschaut; sie wüßten sehr wohl, daß die Freihändler nicht um der Arbeiterklasse willen gegen die Getreidezölle, kämpften, sondern daß sie den Preis des Brotes herunterdrücken wollten, um den Lohn herabzudrücken, oder mit anderen Worten, daß sie den Kapitalprofit auf Kosten der Grundrente steigern wollten. In diesem Zusammenhang zitirt Marz¬ zustimmend den Satz Ricardos, wonach das Fallen des Preises der landwirth¬ aftlichen Produkte die Löhne nicht nur der in den landwirthschaftlichen Be¬ trieben beschäftigten Arbeiter reduzire, sondern auch all derer, die in der Industrie¬ arbeiteten oder im Handel beschäftigt würden. Marx fügt hinzu, es sei keine für den Arbeiter gleichgiltige Sache, wenn er früher fünf Franken bekommen habe, nur noch vier Franken zu bekommen, weil das Getreide billiger geworden set. Der Lohn sei im Verhältniß zum Profit gefallen, die soziale Lage des rbeiters sei gegenüber der sozialen Lage des Kapitalisten schlechter geworden: zudem verliere der Arbeiter auch thatfächlich. So lange der Getreidepreis noch höher gewesen sei und der Lohn auch, hätte eine kleine Ersparniß am Brot¬ verbrauch genügt, um dem Arbeiter andere Genüsse zu verschaffen. Sobald aber das Brot und folglich der Lohn sehr niedrig stünden, würde der Arbeiter fast nichts am Brot absparen können, um andere Gegenstände zu kaufen. Dies sind die Sätze, auf denen die agrarische Presse herumreitet, und es ist bei all ihrer Verdrehungskunst auch nicht abzusehen, wie sie sonst die Rede über den Freihandel für ihre brotwucherischen Zwecke ausnützen könnte.",char-offset:491142,,,,,,,,,Non_Kapital,Freihandel Speech,,
b9679e0a-bcfb-4cb5-87a3-2b2796848f80,1901-02a.txt,"Als Marx seine Freihandelsrede hielt, glaubte er noch — wie seine gleich¬ zeitig verfaßte Streitschrift gegen Proudhon zeigt — an die Richtigkeit des¬ Ricardoschen Lohngesetzes, unter dessen Einfluß er damals auch, wie Lassalle noch in den sechziger Jahren, die Fabrikgesetzgebung und die Gewerkschafts¬ organisation in ihrer praktischen Bedeutung für den Emanzipationskampf der Arbeiterklasse unterschätzte. Später hat Marx das alles in seinem großen wissen¬ schaftlichen Werke ins Reine gebracht, aber was wissen die Brotwucherer davon, oder wenn sie es wissen sollten, wie könnten sie es brauchen? Setzen sie doch, wie es scheint, ihren Ehrgeiz darein, daß die Argumente für ihre Sache so er¬ bärmlich sind, wie diese Sache selbst.",char-offset:497423,,,,,,,,,Non_Kapital,Freihandel Speech ,,
6ea81865-c17e-4974-9dc4-b26dfcbc53ea,1901-02a.txt,"Die ersten Keime dieser Auffassung hatten Marx und Engels in den „Deutsch¬ Französischen Jahrbüchern“ gepflanzt. Da ihre Aufsätze aus dieser Zeitschrift jetzt, 1901-1902. I. Bd. Die Neue Zeit. 162 durch einen neuen Druck allgemein zugänglich geworden sind, braucht hier nicht, näher auf sie eingegangen zu werden. Wir begnügen uns, einige Sätze aus der „Heiligen Familie"" zu zitiren, der ersten Schrift, die Marx und Engels gemeinsam¬ herausgegeben haben. Es heißt da: „Weil die Abstraktion von aller Menschlich¬ keit, selbst von dem Scheine der Menschlichkeit, im ausgebildeten Proletariat praktisch, vollendet ist, weil in den Lebensbedingungen des Proletariats alle Lebensbedingungen, der heutigen Gesellschaft in ihrer unmenschlichsten Spitze zusammengefaßt sind, weil der Mensch in ihm sich selbst verloren, aber zugleich nicht nur das theoretische Bewußtsein dieses Verlustes gewonnen hat, sondern auch unmittelbar durch die nicht mehr abzuweisende, nicht mehr zu beschönigende, absolut gebieterische Noth¬ — den praktischen Ausdruck der Nothwendigkeit — zur Empörung gegen diese Unmenschlichkeit gezwungen ist, darum kann und muß das Proletariat sich selbst, befreien. Es kann sich aber nicht selbst befreien, ohne seine eigenen Lebens¬ bedingungen aufzuheben. Es kann seine eigenen Lebensbedingungen nicht aufheben, ohne alle unmenschlichen Lebensbedingungen der heutigen Gesellschaft, die sich in seine Situation zusammenfassen, aufzuheben. Es macht nicht vergebens die harte, aber stählende Schule der Arbeit durch. Es handelt sich nicht darum, was dieser oder jener Proletarier oder selbst das ganze Proletariat als Ziel sich einstweilen vorstellt. Es handelt sich darum, was es ist, und was es diesem Sein gemäß¬ geschichtlich zu thun gezwungen sein wird. Sein Ziel und seine geschichtliche Aktion ist in seiner eigenen Lebenssituation, wie in der ganzen Organisation der heutigen bürgerlichen Gesellschaft sinnfällig, unwiderruflich vorgezeichnet.""",char-offset:604533,,,,,,,,,Non_Kapital,Holy Family ,,
72bccac1-21ba-4e47-88a3-5af7d81f4f51,1901-02a.txt,"Es läßt sich nicht bestreiten, daß Marx und Engels bis zum Kommunistischen Manifest und noch ziemlich weit über dieses hinaus die revolutionäre Aktion des Proletariats gegen die verelendenden Tendenzen der kapitalistischen Produktions¬ weise zu sehr, um einen schiefen, aber einmal hergebrachten und in diesem Zu¬ santnienhang auch wohl nicht mißverständlichen Ausdruck zu gebrauchen, im Lichte einer politischen Revolution gesehen haben.",char-offset:607193,,,,,,,,,Manifest der Kommunistischen Partei|Title Reference,,,
6442b30e-41df-4e30-9166-50aff11002e2,1901-02a.txt,"In der „Heiligen Familie“ heißt es, daß „die Fabrikanten, die Chartisten, die Gründbesitzer, kurz die ganze¬ Massenhaftigkeit Englands bisher diese Maßregel (die damals noch nicht be¬ schlossene, sondern erst agitirte Zehnstundenbill) für den allerdings möglichst ge¬ linden Ausdruck eines durchaus radikalen Prinzips angesehen haben, da sie die¬ Axt an die Wurzel des auswärtigen Handels und damit an die Wurzel des Fabriksystems legen — nein, nicht nur daran legen, sondern tief hinein hauen, würde.""",char-offset:608041,,,,,,,,,Non_Kapital,Holy Family ,,
c4ab579a-f41b-4919-943e-6d3d713e4808,1901-02a.txt,"Freilich hat Marx gerade auch diese Zweifel längst ins Reine gebracht, aber das ist eine etwas weitlänfige Sache, und er hat doch auch unhaltbare Sätze vertreten, sogar im Kommunistischen Manifest, das, wie neulich in Lübeck, so überhaupt für die Bekämpfer der „Verelendungstheorie“ eine besonders be¬ liebte Zielscheibe des Angriffs ist.",char-offset:615448,,,,,,,,,Manifest der Kommunistischen Partei|Title Reference,,,
5edc3e28-2163-4344-ad1c-c86c5838ce2c,1901-02a.txt,"Da bei den ungelernten Massen stets eine Reservearmee von Ar¬ Emanuel Wurm: Sozialpolitische Umschau. 249 beitslosen da ist, die auf den Preis der Arbeitskraft drückt, sind die Löhne erntedvigt,",char-offset:945707,,,,,,,,,Kapital|Concept Reference,Reservearmee,,
6e9672a0-9a94-404e-baab-e5ad7bbada2d,1901-02a.txt,"Damit weckt er lebhaft die Erinnerung an eine Spielart des Sozia¬ lismus, die um zwei Generationen hinter uns zurückliegt und die im „Kommu¬ nistischen Manifest“ in einem eigenen Abschnitt so klassisch abgethan wurde.",char-offset:1224845,,,,,,,,,Manifest der Kommunistischen Partei|Title Reference,,,
078d71d5-74ec-4afd-89ce-fbb270143b33,1901-02a.txt,"Die Utopisten sahen, wie das „Kommu¬ nistische Manifest"" es ausspricht, „auf der Seite des Proletariats keine geschicht¬ liche Selbstthätigkeit, keine ihm eigenthümliche politische Bewegung“.",char-offset:1234991,,,,,,,,,Manifest der Kommunistischen Partei,,,
e379a3f4-1d97-4e96-abf4-a480f3984024,1901-02a.txt,"Das ist der Absatz, auf den Schippel sich beruft, um zu zeigen, daß Marx auch wie er der Ansicht gewesen, für die Hebung der Löhne und der sozialen Stellung des Arbeiters sei „ausschließlich maßgebend"" die „stärkere Produktion“ das „Wachsthum des funktionirenden Kapitals"".",char-offset:1263918,,,,,,,,,Kapital|Allusion,"Potential reference/paraphrase to concepts from Kapital Vol.1, but uncertain of page number.",,
b984eba3-9f7a-4718-9abf-844bdc9f1efe,1901-02a.txt,"und was Marx als eine Erscheinung der Vergangenheit erschien, als ein Mittel der ursprünglichen Akkumulation,",char-offset:1269344,,,,,,,,,Kapital|Concept Reference,Ursprünglichen Akkumulation,,
4d41d407-f282-4e28-b5a5-b6b3feb67bfe,1901-02a.txt,"„Die verschiedenen Methoden der ursprünglichen Akkumulation“, sagt er im Jahr¬ Kapital“ (I, 3. Aufl., S. 777) „",char-offset:1272430,,,,,,,,,Kapital,"S. 777, Concept Reference too",,
e3c210f6-3e01-47d3-989a-e52deb5a36c9,1901-02a.txt,"An welcher Stelle des „Kapital"" Marx das Protektionssystem eine Noth¬ wendigkeit, noch dazu eine immer wiederkehrende Nothwendigkeit genannt hat, verschweigt uns Schippel.",char-offset:1274922,,,,,,,,,Kapital|Title Reference,,,
9e34cafd-bdcf-4ff6-8756-0543b816af69,1901-02a.txt,"Indeß., wenn ein Karl Marx, der allen diesen handelspolitischen Kämpfen als un¬ betheiligter, ruhiger Beobachter gegenüberstand, 1848 ähnlich urtheilen konnte — wenn, nachdem die heftigen Auseinandersetzungen, zwischen den Interessenten längst.",char-offset:1276890,,,,,,,,,Non_Kapital,Freihandel speech,,
efb1c02f-2c78-4beb-8c46-8f1b2fab60f6,1901-02a.txt,"Es wird deshalb von Interesse, sein, sie durch andere, bisher unbekannte Kundgebungen von Marx und Engels¬ aus der gleichen Zeit zu beleuchten. Zuvörderst ein Wort über die Stellung der beiden großen Sozialisten zu List. Sie haben in ihm immer einen kapitalistischen, nicht sowohl Theoretiker als¬ Praktiker gesehen, der den großen englischen Oekonomen in seiner besonderen Art, aber sonst nicht viel anders nachhumpelte, als die „Freihandelshausirburschen“, Siehe darüber, was Marx in den „Deutsch-Französischen Jahrbüchern“ (Ge¬ sammelte Schriften von Marx und Engels, I 389) von der „Iistigen Theorie“ sagt, sowie seine Fußnote auf S. 13 der Schrift „Zur Kritik der politischen Oekonomie“ (Stuttgart 1897).",char-offset:1328132,,,,,,,,,Non_Kapital,Various references - Zur Kritik der politischen Oekonomie and Freihanel  Speech,,
773cb7e7-33d6-49a4-8f8e-c3ccfdefed70,1901-02a.txt,"Noch mehr, zwei oder selbst drei Jahre später schrieb Marx in der „Deutschen Brüsseler Zeitung“, gegen Karl Grün polemisirend: „Die Nackten¬ und Frierenden' werden bekanntlich in Deutschland überall von dem Spießbürger, vorgeschoben, wo es gilt, die Schutzzölle oder irgend eine andere progressive Bourgeoismaßregel zu bekämpfen“ und ferner: „Sein Haß gegen die Liberalen, die Julirevolution, die Schutzzölle spricht sich aufs Unverkennbarste als der Haß¬ des gedrückten stabilen Kleinbürgers gegen den unabhängigen progressiven Bour¬ geois aus.""",char-offset:1330911,,,,,,,,,Non_Kapital,1850 Deutschen Brüsseler Zeitung,,
296862f0-c271-4d7c-8993-136bff731de4,1901-02a.txt,"Damit aber nicht genug des Widerspruchs! In der Freihandelsrede verwahrt¬ sich Marx dagegen, durch die Kritik der Handelsfreiheit etwa das Schutzzollsystem, vertheidigen zu wollen; man könne den Konstitutionalismus bekämpfen, ohne ein Freund des Absolutismus zu sein.",char-offset:1331772,,,,,,,,,Non_Kapital,Freihandel Speech,,
ce17d64e-c170-47fe-b4f7-5b21022e55b0,1901-02a.txt,". In einem Bericht über diese Sitzung schrieb Marxt Herr Rittinghausen aus Köln, der Vertreter des deutschen Vaterlandes, las einem unendlich langweiligen Aufsatz zur Vertheidigung des Schutzsystems vor. Er trat als ächter Deutscher auf. Er jammerte mit der kläglichsten Miene von der Welt über¬ die schlechte Lage Deutschlands, über seine industrielle Impotenz und flehte die Eng¬ länder förmlich an, sie möchten doch Deutschland erlauben, sich gegen ihre überlegene¬ Konkurrenz zu schützen.",char-offset:1339331,,,,,,,,,Non_Kapital,Marx letter reference,,
744279c3-ddd2-4161-8222-cbdba14d92b9,1901-02a.txt,"Schippel weiß von diesen Anschauungen nicht verächtlich genug zu sprechen als von der „starren Schablone der alten abstrakten Lohntheorie“ „der alten abstrakten. bürgerlichen Orthodoxie"" der „fatalistischen Lohnelendstheorie"" von Marx und Engels (S. 331 bis 334); er blickt auf sie so verächtlich herab, als wäre er es selbst, Die Neue Zeit. 374. der diese „starre Schablone“ überwunden, als wüßte er nicht alles, was dagegen zu sagen, gerade von Marx und Engels, als hätte er nicht diese Anschauung selbst noch vor einem Dutzend Jahren verfochten, lange nachdem Marx sie schon widerlegt,",char-offset:1399668,,,,,,,,,Allusion,Paraphrase of Schippel's critique of Kapital's concepts,,
ceff9e50-7ea5-4370-af0e-c1eb5bf92d0f,1901-02a.txt,"Natürlich: daß Marx schon vor dem Erscheinen der Kompi¬ lation Steins Arbeiten veröffentlicht hatte, die an ökonomischer und philosophischer Erkenntniß mehr enthielten, als Stein all sein Lebtag zu erwerben gewußt hat, ist kein „genügender Grund"" ganz abgesehen davon, daß man sich wirklich alle Die Neue Zeit. 388 um die Frage an einem Betspiel zu erläutern. Gründe sparen kann, wenn man, daß Kant seine Kritik der reinen Vernunft aus¬ die Möglichkeit bestreiten würde. irgend einer gleichzeitigen oberflächlichen Kompilation über Hume und den ena¬ lischen Skeptizismus geschöpft habe. Jedoch dies nur nebenbei.",char-offset:1453465,,,,,,,,,Non_Kapital,,,
f68107ec-8dd6-4626-9df9-267d77fbae9e,1901-02a.txt,"Man sieht, welchen Nutzen es für die Beweisführung Schippels hat, wenn er sich auf die Grundrententheorie beschränkt, von der er auf der Schulband läuten hörte, und in einer Fußnote so nebenher bemerkt: „Die durch den dritten Band von Marx' Kapital' erneut aufgeworfene Unterscheidung von absoluter Grundrente und wirklichen Differentillrenten kann hier außer Betracht¬ bleiben* (S. 209)",char-offset:1506681,,,,,,,,,Kapital Bd. III,Citation of Schippel's discussion of Kapital Vol III,,
2bfc05e0-72bc-43c4-a57a-54dc4252a8fc,1901-02a.txt,". Sie proklamirten die Konsumtion als den Hauptgegenstand der Wirthschaftslehre und an Stelle Werththeorie der Produktion trat die Preistheorie der Konsumtion; die politische Oekonomie schrumpfte zu einer Psychologie des Konsumenten zusammen. Böhm=Bawerk hebt es mit besonderem Nachdruck hervor, daß Marx einer der Wenigen war, die die Arbeitswerththeorie nicht unbesehen hinnahmen, sondern sie einer Prüfung unterzogen. Das ist nichts weniger als merkwürdig. Marxi schreckte vor den Widersprüchen des Wirthschaftslebens nicht zurück. Diese Wider¬ sprüche waren gerade sein Lebenselement. Als revolutionärer Denker mußte er¬ mit der Produktion und mit ihrer Arbeitswerththeorie beginnen. Sie analysirend, fand er den Schlüssel zum Verständniß des Wirthschaftslebens, wie es sich auch nach dem Abschluß der klassischen Oekonomie offenbarte und damit auch die Möglichkeit, die kritischen Einzelresultate seiner sozialistischen Vorläufer zusammenzufassen und die ökonomische Theorie fortzubilden. Die Werththeorie¬ zeigte ihm den wirthschaftlichen Gegensatz zwischen Ausbeutung und Aneignung; sie zeigte ihm in der Ueberproduktion und den Krisen die revolutionären Ten¬ denzen zu einer neuen Wirthschaftsform und zur Aufhebung des wirthschaftlichen Gegensatzes. In der Werththeorie entdeckte er die reale Basis der politischen Klassenkampftheorie und in den wirthschaftlichen Tendenzen das politische Ziel des Klassenkampfes — den Sozialismus.",char-offset:1612020,,,,,,,,,Allusion,General reference to dialectical materialism and labour value theory,,
3d95cbf1-0724-4e86-9f75-a80f814a9aca,1901-02a.txt,"Hobsøn dagegen stand vom Anfang an unter dem Einfluß der neueren Oekonomen, obwohl er auch Marxens „Kapital"" las, von dem ihm die Abschnitte über die Wirkungen, der modernen Technik auf die Arbeiter besonders zu gefallen schienen.",char-offset:1618626,,,,,,,,,Kapital|Title Reference,,,
0efbd77f-1f8e-4343-a408-1e5f8350fd40,1901-02a.txt,"Hobson sagt: „Karl Marx hatte recht, indem er auf die fundamentale Bedeutung der Erkenntniß der Idee des Mehrwerths bestand. Er hatte unrecht, indem er den Mehrwerth als ausschließliches Produkt der Arbeitskraft erkannte, das inr Prozeß des Feilschens um den Verkauf der Arbeitskraft vom Kapital¬ genommen wird. Er unterließ es zu zeigen, warum - unter allen Faktoren die Arbeit allein es sein sollte, die den ganzen Werth der Waaren schafft. Er unterließ es zu erklären, was das Wesen der Macht sei, mit deren Hilfe daß Kapital sich den durch die Arbeit erzeugten Mehrwerth aneignet. Schließliche unterließ er es zu erklären, warum der einzelne Kapitalist, der den Mehr¬ nicht gezwungen sein sollte, ihn — unter dem Drucke des werth genommen.",char-offset:1620223,,,,,,,,,Allusion,Citation of Hobson's critique of Marx.,,
9deb1953-c379-41b7-a8df-dc94ca13dd50,1901-02a.txt,"So in New York, wo Erz¬ bischof Corrigan kürzlich in einer Versammlung erzählte, Marx habe seine Werth¬ theorie auf dem Todtenbett verleugnet.",char-offset:1636430,,,,,,,,,Allusion,Reference to labour theory of value.,,
88d618aa-f043-43db-b546-95e276d40058,1901-02a.txt,"Nachdem wir kürzlich die Schrift David Koigens an dieser Stelle besprochen. haben, möchten wir heute eine andere Schrift dieser Richtung anzeigen, einen kritischen Kommentar. zum Kommunistischen Manifest, den Charles Andler ver¬ öffentlicht hat („Le Manifeste Communiste, introduction historique et commen¬ taire“, Paris 1901).",char-offset:1683737,,,,,,,,,Manifest der Kommunistischen Partei|Title Reference,,,
3e5ecc12-e5a4-491a-9d8b-bc0ae2648725,1901-02a.txt,"Je größer die agitatorische Kraft des Kommunistischen Manifestes ist, desto unentbehrlicher ist diese Waffe für das Zeughaus des kämpfenden Proletariats, aber desto un¬ aufschiebbarer ist es auch, sie von dem Roste zu säubern, der sich im Laufe eines halben Jahrhunderts hier und da in sie eingefressen hat.",char-offset:1684874,,,,,,,,,Manifest der Kommunistischen Partei|Title Reference,,,
5e71e1b8-6f4f-453f-a4f3-62738b67030d,1901-02a.txt,"wie dem Manifest, nicht in der Form möglich. daß die überholten Sätze einfach gestrichen oder an der Hand der späteren Werke von Marx und Engels interpolirt werden, sondern es bedarf eines kritische Kommentars, der aus der Entstehung der Urkunde bis ins Einzelte nachweist, was von ihrem gedanklichen Inhalt unhaltbar geworden ist und was nicht. Um die Dringlichkeit dieser Aufgabe zu beweisen, sei nur daran erinnert, daß Mary, und Engels im Kommunistischen Manifest noch auf dem Boden des ehernen Lohngesetzes stehen und die Bedeutung der Fabrikgesetzgebung und der gewerk¬ schaftlichen Organisation für den proletarischen Klassenkampf in einem ganz anderen Lichte sehen, als zwanzig Jahre später.",char-offset:1685272,,,,,,,,,Manifest der Kommunistischen Partei|Title Reference,,,
f98f6e92-cdf6-46d9-8830-51c89870fc2b,1901-02a.txt,"Schlimmer ist schon, daß er auch auf die deutsche Literatur nur ganz ungenügend eingeht; er kennt nicht einmal die Heilige Familie von Marx und Engels, in der man sozusagen den Geburtsakt¬ des historischen Materialismus verfolgen kann und ohne deren Kenntniß namentlich, auch nicht der Einfluß Prondhons auf Marx richtig gewürdigt werden kann.",char-offset:1687595,,,,,,,,,Non_Kapital,,,
fa0d604f-0a49-49fb-8fd9-e14b972bfb78,1901-02a.txt,"Am schlimmsten aber ist, daß Andler in der französischen Literatur die geistigen Quellen des Kommunistischen Manifestes ganz am unrechten Orte sucht.",char-offset:1687939,,,,,,,,,Manifest der Kommunistischen Partei|Title Reference,,,
46cb251a-27a6-4bcc-ae05-cbb45fa88039,1901-02a.txt,"Von alledem ist aber bei Andler gar keine Rede; er sucht die Ursprünge des Manifestes neben babouvistischen Ueberlieferungen und proudhonistischem Einfluß,",char-offset:1688605,,,,,,,,,Manifest der Kommunistischen Partei|Title Reference,,,
865a9167-693f-4b7c-bdf2-07425062f9cd,1901-02a.txt,"Nun unterliegt es keinem Zweifel, daß Marx und Engels diese Schriftsteller gekannt haben, als sie das Kommunistische Manifest abfaßten; es soll auch gar nicht bestritten werden, daß sie von ihnen gelernt haben mögen. Allein mit alle¬ dem, was an dem Kommunistischen Manifest bahnbrechend war, was ihm heute nuch seine historische Stellung giebt, haben die Sismondi und Genossen schlechter¬ bings gar nichts zu thun. Was ihnen mit Marx und Engels gemein war, das war entweder geistiges Allgemeingut der Zeit oder aber es ist als ihr Verdienst¬ was Marx und ausdrücklich im Manifest anerkannt worden",char-offset:1689192,,,,,,,,,Manifest der Kommunistischen Partei|Title Reference,,,
8cee4f40-30f1-4dbd-af33-965f4a9f2db7,1901-02a.txt,"Doch gehen wir, um unsere Ansicht klar zu machen, ein wenig näher auf jene vier Schriftsteller ein, denen Andler einen so hervorragenden Einfluß auf das Kommunistische Manifest zuschreibt. Da ist zuerst Sismondi, den das Manifest¬ selbst als Haupt des kleinbürgerlichen Soztalismus nennt",char-offset:1689887,,,,,,,,,Manifest der Kommunistischen Partei|Title Reference,,,
fa864ee1-cc59-4a97-9eb7-ae09bcb0abfe,1901-02a.txt,"Engels er¬ wähnt diese beiden Schriftsteller sehr oft und kannte sie aus erster Hand; weshalbe soll er nun gerade ein Schüler Sismondis sein, den er zur Zeit des Kommu¬ nistischen Manifestes und vorher nie erwähnt hat?",char-offset:1690782,,,,,,,,,Manifest der Kommunistischen Partei|Title Reference,,,
3a2f87a8-69d6-4ad2-9d69-b522d9b203e6,1901-02a.txt,"Das Kommunistische Manifest dagegen erwähnt die an sich ja unbestreitbare Unterkonsumtion der arbeitenden Klassen gar nicht als Ursachen der Handelskrise; so nebensächlich erscheint ihm, was für Sismondi die Hauptsache war.",char-offset:1691693,,,,,,,,,Manifest der Kommunistischen Partei|Title Reference,,,
7560463c-8be3-423e-a7bb-ceda67b61ff4,1901-02a.txt,"Nicht mit Sismondi, søndern mit Fourier sieht es in den Handelskrisen eine erise¬ pléthorique, eine Empörung der modernen Produktivkräfte gegen die bürgerlichen enthumsverhältnisse, eine widersinnige Epidemie der Ueberproduktion, die einen Zustand moderner Barbarei hervorrufe, weil die Gesellschaft zu viel Zivilisation, zu viel Lebensmittel, zu viel Handel, zu viel Industrie besttze",char-offset:1691917,,,,,,,,,Manifest der Kommunistischen Partei|Concept Reference,Epidemie der Überproduktion,,
21f97396-5f3d-407b-b8d5-e69aeea26df2,1901-02a.txt,"Der Passus des¬ Kommunistischen Manifestes über die Handelskrisen hat mit Sismondi gerade so¬ viel gemein, wie der preußische Staatssozialismus mit der deutschen Sozial¬ demokratie. Was bleibt also übrig von dem ganzen Einfluß Sismondis auf das Kommunistische Manifest?",char-offset:1692304,,,,,,,,,Manifest der Kommunistischen Partei|Title Reference,,,
3cf38fe3-ff36-4ee5-b1f1-c2f4f207c635,1901-02a.txt,"Kommt Pecqueur, den Andler besonders in sein Herz geschlossen hat und den Marx sogar im Kommunistischen Manifest todtgeschwiegen haben soll, allerdings nur aus taktischen Verlegenheitsgründen, nicht aus ehrenrührigen Motiven",char-offset:1694135,,,,,,,,,Manifest der Kommunistischen Partei|Title Reference,,,
187156c3-a703-411e-8342-98194df221bf,1901-02a.txt,"die Marx einmal im „Kapital"" zitirt, also gekannt hat, seinerseits übergeht. Schlagen wir diese Schrift nach, so finden wir folgenden Absatz:",char-offset:1694635,,,,,,,,,Kapital|Title Reference,,,
4cf14e0e-55e4-4b1a-ad24-5f3cf2876ae1,1901-02a.txt,"Soweit Pecqueur, und wie heißt es im Manifest? „Der christliche Sozialismus ist nur das Weihwasser, womit der Pfaffe den Aerger des Aristokraten einsegnet.“ Welch wunderbare Ueberein¬ stimmung!",char-offset:1695571,,,,,,,,,Manifest der Kommunistischen Partei,,,
ecd9b44c-5165-4baf-a3db-df791b6b7d8b,1901-02a.txt,"Endlich aus einem Aufsatz Vidals im „Gefellschaftsfpiegel“, also aus einem Aufsatz, den Marx und Engels unzweifelhaft gekannt haben, obgleich Engels zu dieser Zeit nicht mehr in der Redaktion saß, noch folgende Zitate: „Die Wahr¬ heit ist, daß der Sozialismus nicht zum Anfruhr treibt. ... Der Sozialismus, liebt den Frieden, die Ordnung, nicht Untergang und Zerstörung.... Die Sozialisten haben das Volk bekehrt zu den Ideen der Ordnung, die ihnen weder die Organe der Linken noch die Journale der Konservativen geben konnten; sie haben den Arbeiter gehoben, veredelt, fein Herz mit begeisterter Hingebung erfüllt. So ist es gekommen, daß es in dem Herzen, welches von Hoffnung und feuriger Liebe überfließt, keinen Platz für den Haß mehr giebt &c.“",char-offset:1695765,,,,,,,,,Non_Kapital,"Letter exchange, Engels & Marx",,
c5417a94-05db-419b-a351-be4e9853a83a,1901-02a.txt,"In beiden Fällen ist er reaktionär und utopistisch zu¬ gleich. Zunftwesen in der Manufaktur und patriarchalische Wirthschaft auf dem Lande, das sind seine letzten Worte.“",char-offset:1699085,,,,,,,,,Manifest der Kommunistischen Partei,,,
57cba210-e89e-45fe-bb8a-098cec9a7b57,1901-02a.txt,"Damit ist Sismondi und seine engere Schule, zu der Buret gehörte, nach der negativen Seite hin gekennzeichnet. Wer aber mit der lakonischen Schlußnotiz gemeint ist: „In ihrer weiteren Entwicklung hat sich diese Richtung in einen feigen Katzenjammer verlaufen“,",char-offset:1699256,,,,,,,,,Manifest der Kommunistischen Partei,,,
f91bc0af-b732-4c16-95a3-d11f59e13544,1901-02a.txt,"Zwischen diesen beiden Arbeiten erscheint das Haupt¬ werk Bachofens, „Das Mutterrecht“, 1861 — also fast gleichzeitig mit zwei anderen bahnbrechenden Werken: Marx' „Zur Kritik der politischen Oekonomie“ und Darwins „Entstehung der Arten“ (beide 1859). Seine Vervollständigung bildet „Das Lykische Volk"" (1862) und die folgenden Arbeiten: „Die Sage von Tanaquil* (1870), dann „Mommsens Kritik der Erzählung von Cn. Marcius Coriolauus"" (1870) und endlich zwei Bände „Antiquarische Briefe, vornehmlich, zur Kenntniß der Altesten Verwandtschaftsbegriffe“ (1880—1886); diese Arbeiten bilden die Hauptquelle zur Kenntniß feiner Ansichten.",char-offset:1953046,,,,,,,,,Non_Kapital,Zur Kritik der politischen Oekonomie ,,
f82082f5-8a9a-496c-980f-034cd996b337,1901-02a.txt,"Wie es so¬ häufig bei der Anwendung der Marxfchen Geschichtskausalitätstheorie auf historische Vorgänge geschieht, läßt auch Herzfeld sich meines Erachtens mehrfach dazu verleiten, die polischen Anschauungen und Maßnahmen allzu direkt aus irgend welchen ökono¬ mischen Verhältnissen herzuleiten, und zweitens beurtheilt er diese Verhältnisse ver¬ schiedentlich zu sehr nach Analogien anderer deutscher Gegenden, ohne die mecklen¬ burgischen Abweichungen, das spezifisch Mecklenburgische, immer genügend zu berück¬ sichtigen.",char-offset:2036427,,,,,,,,,Allusion,Passing reference to theroy of historical determinism,,
e2304229-2df3-4e26-8d6e-398142599eb6,1901-02a.txt,"Doch sei dem so oder anders: diese Rede von Marx und Engels, die sich damals in London befanden, um auf einem geheimen Kommunistenkongresse den Entwurf des Kommunistischen Manifestes diskutiren zu lassen, sind nach ihrem authentischen Wortlaut, in der „Deutschen Briisseler Zeitung“ vom 9. April 1847 enthalten, seitdem aber nie¬ wieder abgedruckt worden. Wir theilen sie mit, schon wegen des bemerkenswerthen Um¬ standes, daß wie siebzehn Jahre später bei der Inanguraladresse der Internationalen, so auch beim Kommunistischen Manifest die polnische Revolution gewissermaßen Taufdienste geleiftet hat, dann aber auch, weil ihr Inhalt an sich lehrreich genug ist.",char-offset:2057319,,,,,,,,,Manifest der Kommunistischen Partei|Title Reference,Passing reference to contextual circumstances surrounding Manifesto's production.,,
23da00ab-fa00-4881-9be3-1b4f21d0666b,1901-02a.txt,"Auf dem Programm der Konferenz standen folgende Angelegenheiten: 1. Kongreßangelegenheiten, 2. Auf die Organisation der Assoziation Bezug habende Fragen, 3. Die internationale Arbeiterassoziation als Mittel zur Vereinigung der Kräfte in dem Kampfe zwischen Kapital und Arbeit in den verschiedenen Länder 4. Trade Unions; ihre Vergangenheit, Gegenwart und Zukunft, 5. Kooperative Arbeit. 6. Direkte und indirekte Besteuerung, 7. Herabsetzung der Arbeitszeit, 8. Frauen¬ und Kinderarbeit, 9. Die moskowitische Invasion von Europa und die Wieder¬ herstellung eines vollständigen (integral) und unabhängigen Polens, 10. Stehende Heere; ihr Einfluß auf die Interessen der produktiven Klassen (vergl. „The Work¬ man's Advocate“ vom 16. September 1865; über das Blatt selbst später). 3 bis 10 stellten das Programm des nächsten Kongresses vor, aber nur dem wesentlichen Inhalt nach. Das Programm war von Karl Marx entworfen.",char-offset:2070092,,,,,,,,,Non_Kapital,Program of Communist Congress in Lodnon,,
e1a7f899-91a4-4ac7-a65f-66039512ee88,1901-02a.txt,"2. Ein Anfsatz von Karl Marz über die Internationale. Auf die Anfänge der Internationale und auf die Konferenz von 1865 be¬ zieht sich auch der folgende Aufsatz von Karl Marx. Er erschien in „The Becular Chronicle, And reeord of freethougt progress. Edited by Mrs. Harriet Law, Band X. Nr. 5, 4. August 1878. Das Blatt gehörte der freidenkerisch-republika¬ nischen Richtung an; die damalige Herausgeberin, Mrs. Harriet Law, war Mit¬ glied der Internationale gewesen. Am 1. Juli desselben Jahres enthielt das Blatt einen biographischen Artikel über Marx mit Porträt. George Howell, gegen¬ den Marx in seinem Artikel polemisirt, ist bekannt als Verfasser des -„Kampfes, zwischen Arbeiter und Kapital"" und einer der schlimmsten liberalen Arbeiter¬ politiker. Der Aufsatz George Howells erschien im Juliheft von „Nineteenth Century“ 1878: „The History of the International Association“. Mr. George Howells Geschichte der Internationalen Arbeiterassoziation. Von Karl Marx.",char-offset:2202341,,,,,,,,,Non_Kapital,,,
9fdfd66d-92f7-45f1-ace0-72ecb9e0fa74,1901-02a.txt,"Im „Achtzehnten Brumaire“ geißelt Karl Marx¬ thümliche Krankheit, die seit 1848 auf dem ganzen Kontinent grassirt hat, der parlamentarische Kretinismus, der die Angesteckten in eine eingebildete Welt¬ festbannt und ihnen allen Sinn, alle Erinnerung, alles Verständniß für die rauhe¬ Außenwelt raubt."" In einer solchen „eingebildeten Welt"" lebte auch der Politiker, Victor Hugo.",char-offset:2442864,,,,,,,,,Non_Kapital,18th Brumaire,,
d7781634-95a2-4ae0-829e-b18b2102666a,1901-02a.txt,"Er hat gezeigt, wie Millerand¬ gar kein proletarischer, sondern ein kleinbürgerlicher Sozialist ist, der in der Sozial¬ demokratie nichts mehr zu suchen hat.",char-offset:2485001,,,,,,,,,Manifest der Kommunistischen Partei|Concept Reference,"Kleinbürgerlicher Socialismus / Sozialismus: petty bourgeois socialism [Communist Manifesto]

",,
e01fa480-11f1-4118-b75d-457c25394cad,1901-02a.txt,"Erst Karl Marx hat in seinem im Jahre 1867 erschienenen „Kapital“ mit überlegener wissenschaftlicher Waffe alle diese abstrakten Lohngesetze zerschlagen, die Elastizität der Bedingungen der Erhaltung und Reproduktion der Waare, Arbeitskraft nachgewiesen und als die einzige Schranke in der Bewegung des Die Neue Zeit.) 676. Arbeitslohns die Verwerthungsmöglichkeit des Kapitals dargethan.",char-offset:2540296,,,,,,,,,Kapital|Title Reference,,,
f3feaf8d-d154-477a-ab8c-0d60c6691645,1901-02a.txt,"Diese beiden Größen, der Arbeitslohn und das Quantum der erzeugten Werthe, stehen, wie Marx im 20. Kapitel des „Kapital“: „Ueber die nationale Verschiedenheit der Arbeitslöhne"" nachgewiesen, im kansalen Wechsel¬ verhältniß (die Höhe der Produktionsstufenleiter und in der Folge die Verwerthungs¬ bedingungen des Kapitals, die Produktivität der Arbeit, der historisch-gesellschaftliche und kulturelle Entwicklungsgrad der Arbeiterklasse: alle diese Momente, selber unter¬ einander in kausaler Wechselbestimmung, bestimmen auch das Verhältniß und die Höhe jener Größen)",char-offset:2561607,,,,,,,,,Kapital,Chapter 20 - not sure a full citation,,
02c86ef5-6d2c-4aa5-9b84-204d04b397c3,1901-02a.txt,"Die Arbeitgeber machen aus den wahren Gründen ihrer ablehnenden Haltung gar kein Hehl: sie wollen Herren im Hause sein, unllebsame Elemente, von ihren Betrieben fern halten und die „Diktatur des Proletariats“ in ihren Be¬ trieben verhüten",char-offset:2641642,,,,,,,,,Manifest der Kommunistischen Partei|Concept Reference,Diktatur des Proletariats:,,
71d1deda-8cca-4039-8604-0ccf74afac41,1901-02a.txt,"Der paritätische Arbeitsnachweis hindert die Arbeitgeber keines¬ wegs, Herren im Hause zu bleiben, er zwingt sie nicht, Arbeiter einzustellen, welche sie für ihren Betrieb nicht geeignet halten, er bedeutet nichts weniger als¬ die Diktatur des Proletariats in den Betrieben.",char-offset:2642014,,,,,,,,,Manifest der Kommunistischen Partei|Concept Reference,Diktatur des Proletariats:,,
3b8ecfd3-5c76-4e99-81b3-3b0acf51e894,1901-02a.txt,"Die beiden Briefe, die wir hier veröffentlichen, wurden von Marx an Dr. Kugel¬ mann in Hannover gerichtet, einen ergebenen Freund, der ihm mehrfach wichtigge e, Dienste geleistet, namentlich nach dem Erscheinen des ersten Bandes des „Kapital“, als er sich bemühte, die Verschwörung des Todtschweigens durchbrechen zu helfen, der das Werk in der deutschen Wissenschaft anfangs begegnete.",char-offset:2666330,,,,,,,,,Kapital|Title Reference,,,
2678cd7e-848a-41e7-92a9-4daa25d59786,1901-02a.txt,"Wir werden ihm ein- dankbares Andenken bewahren. Die Briefe, die Marx ihm schrieb, hat er sorgfältig aufbewahrt und sie sind, vollzählig erhalten. Die Familie des Verstorbenen hat uns in dankenswerthester Weise gestattet, sie zu veröffentlichen, und wir werden mit dem Abdrück der wich¬ tigsten unter ihnen im nächsten Monat beginnen. Heute aber seien angesichts der kommenden Gedenktage, des Geburtstags der Kommune (18. März), sowie des Todestags von Karl Marx (14. März) schon zwei davon wiedergegeben, die Marz während des Kampfes der Pariser Kommune schrieb. Hat er auch von dieser in seinemt „Bürgerkrieg in Frankreich"" ausführlich gehandelt, so wird der Werth dieser beiden Zeugnisse dadurch nicht verringert. Wir glauben das Andenken unserer großen Vorkämpfer nicht würdiger feiern zu können, als durch den Abdruck dieser Briefe. Die Ereignisse, auf die sie sich beziehen, sind bekannt, sie bedürfen also kaum eines Kommentars",char-offset:2666938,,,,,,,,,Non_Kapital,Letter of Marx on Paris Commune,,
2988964b-b46d-4b17-b714-1938bcf59614,1901-02a.txt,"Wenn Du das letzte Kapitel meines „Achtzehnten Brumaire“ nachsiehst, wirst Du finden, daß ich als nächsten Versuch der französischen Revolution ausspreche, nicht mehr wie bisher die bureaukratisch-militärische Maschinerie aus einer Hand¬ in die andere zu übertragen, sondern sie zu zerbrechen, und dies ist die Vor¬ bedingung jeder wirklichen Volksrevolution auf dem Kontinent",char-offset:2668133,,,,,,,,,Non_Kapital,18th Brumaire,,
6b448e50-0291-45d7-962c-3b04a0a74f8b,1901-02a.txt,"Um¬ mit Marx („Kapital"" III, 1, S. 249) zu reden: Eine der „Hauptthatsachen der kapitalistischen Produktion“ ist die „Konzentration der Produktionsmittel in wenigen Die Neue Zeit. 766 Händen, wodurch sie aufhören, als Eigenthum der unmittelbaren Arbeiter zu erscheinen und sich dagegen in gesellschaftliche Potenzen der Produktion verwandeln, wenn auch zuerst als Privateigenthum der Kapitalisten. Diese sind Trustees, der bürgerlichen Gesellschaft, aber sie sacken alle Früchte dieser Trusteeschaft ein.""",char-offset:2879686,,,,,,,,,Kapital Bd. III,"MEGA (II/15, Seite 262), p.249",,
67f0ad5d-64a3-4dad-bb77-fc727485f93e,1901-02a.txt,"Er sagt, ich sei der Einzige, der bestritte, daß Sismondi seine Krisentheorie zur guten Hälfte aus der Ueberproduktion deduzire. Natürlich, wo Unterkonsumtion ist, da ist auch Ueberproduktion, aber ist es diese Ueberproduktion, von der Marx und Engels im Kommunistischen Manifest sprechen?",char-offset:2981870,,,,,,,,,Manifest der Kommunistischen Partei|Title Reference,"Here the author does make a clear concept reference to ""Epidemie der Überproduktion: epidemic of over production"" as found in the Manifesto. But given the ambiguity of this ""overproduction"" within other uses, it's best to refer to this just as a title reference.",,
6d123abe-4655-47a1-99d8-6aa715a066a7,1901-02a.txt,"In seinen Hauptwerken segelt Pecqueur einen ganz anderen Kurs, als das Kommunistische Manifest. Aber thut nichts: er gehört zu seinen geistigen Erzeugern, was Marx und Engels absichtlich todtgeschwiegen haben, wenn anders Herr Andler Recht hat.",char-offset:2983279,,,,,,,,,Manifest der Kommunistischen Partei|Title Reference,,,
f8cf8db6-f68e-4e79-8548-d492b1ef71e0,1901-02a.txt,"In meiner Kritik des Andlerschen Kommentars habe ich nicht bestritten, daß Marx und Engels die kleinbürgerlichen Sozialisten in Frankreich gekannt und von ihnen gelernt haben mögen, aber ich habe gesagt, als geistige Ahnen des Kommu¬ nistischen Manifestes kämen viel mehr in Betracht die französischen Materialisten. des 18. Jahrhunderts, wie Holbach und Helvetius, die Historiker der französischen Revolution und des dritten Standes, wie Michelet und Thierry, und die großen,",char-offset:2985592,,,,,,,,,Manifest der Kommunistischen Partei|Concept Reference,Kleinbürgerlicher Socialismus / Sozialismus: petty bourgeois socialism ,,
89948dcc-812a-4676-9496-ec5ba0bd8252,1901-02a.txt,"Seiner Uebersetzung des Kommunistischen Manifestes hat er fünf Artikel aus¬ der Pariser Reforme beigelegt, die nach seiner Ansicht von Engels verfaßt sind.",char-offset:2993499,,,,,,,,,Manifest der Kommunistischen Partei|Title Reference,,,
3ff3dda2-55f8-46aa-9eb2-1cc0ca580001,1901-02a.txt,"Dummheit dieser Fälfchung besteht darin, daß er selbst als Anhang seiner Ueber¬ setzung des Kommunistischen Manifestes den Artikel vom 23. August 1847 wörtlich mitgetheilt hat.",char-offset:2995034,,,,,,,,,Manifest der Kommunistischen Partei|Title Reference,,,