UUID,FILE,QUOTE_TRANSCRIPTION,TAGS,COMMENTS,start_index,end_index,page_index,page_text,text_length,page_start,page_end
d88a71a6-a8b5-4ad7-b47f-cbb557308269,1896-97aCLEAN.txt,"Zur Lösung dieses Widerspruchs"" fährt er fort, „bedarf es noch vieler Mittelglieder.“ Er versprach, diese Lösung später zu geben.",Kapital,"Kapital Vol.1, p.255",2262872,2263001,661,"Die Neue Zeit.
612
—
Männer"" habet in solchen gallen so gut wie immer für die Reaktion und gegen¬
die Sozialdemokratie entschieden, unter schmunzelndem Schweigen des Herrn Richter
Einerseits weiß er, daß die Junker nach dem Grundsatz leben: Hand wird nur
von Hand gewaschen, daß sie bei den Stichwahlen den Freisinn aufsttzen lassen,
rseits weiß er, daß die Sozialdemokraten prin¬
wenn er sie aufsitzen läßt, ander.
zipielle Politik treiben und in den Stichwahlen zwischen Freisinn und Reaktion
immer dem „kleineren Uebel“ den Vorzug geben. Herr Richter will, daß die
freisinnige Fraktion des Reichstags fortbesteht wie bisher: halb als Hilfstruppen,
der Reaktion, halb als Kanonenfutter der Sozialdemokratie. Und würde man
ihm sagen, das sei doch ein sehr schäbiges Dasein, so würde der große Denker
achselzuckend antworten: Lieber sehr schäbig, als gar nicht leben!""
Der schöne Gedanke der „liberalen Phalanx"" ließe sich nur etwa dann
denken, wenn das berühmte „deutsche Bürgerthum"" sich aus eigener Kraft auf¬
raffte, sowohl der Klique Richter=Träger als auch der Klique Rickert=Barth den
Laufpaß gäbe, sich den Kopf frei machte von dem „allgemeinen Phrafennebel,
der kapitalistischen Presse und endlich einmal, was ihm Lassalle schon vor dreißig,
Jahren gerathen hat, selbst denken und selbst handeln kernte. Aber natürlich
ist dieser Gedanke die reine Phantasmagorie, genau dieselbe Phantasmagorie,
welche das berühmte „deutsche Bürgerthum“ selbst ist. Die liberale Bourgeoisie,
ist ein Offizierkorps ohne Heer, und findet keine Massen mehr, die ihre Schlachten¬
schlagen. Das Kleinbürgerthum ist in seinen rückständigeren Elementen zum Anti¬
semittsmus, in seinen vorgeschritteneren Elementen zur Sozialdemokratie ab¬
geschwenkt. Das industrielle Proletariat läßt sich nirgends mehr durch kapitalistischer
Redensartet nasführen, und das ländliche Proletariat lebt noch im geistigen
Banne der Junker und Pfaffen, aus dem es einmal die Sozialdemokratie lösen¬
wird, aber die liberale Bourgeoisie niemals lösen kann.
Somit wird die „liberale Phalanx“ im Reiche der „Wahldichtung"" und
der „Trittksprüche"" bleiben, und der freisinnige Wahlkampf wird in den Bahnen
verlaufen, die ihm Herr Richter vorgezeichnet hat. Wobei für die übrige Menschheit,
wenigstens der Trost abfällt, daß auch der verbohrteste Manchestermann durch
fortgesetzte Schläge etwas lernen kann, wenn auch nur etwas sehr Schäbiges.

NEW_DOCUMENT	
Lafargue,_1897_15:01_531_Die-ökonomischen-Funktionen-der-Börse.

///// Die ökonomischen Funktionen der Börse. 
Ein Beitrag zur Werththeorie [1] ////// Paul Lafargue 

Nachdem Marx im ersten Bande des „Kapital“, Kapitel X, das Gesetz,
des Mehrwerths festgestellt hatte, fügte er sogleich hinzu, „daß dies Gesetz offenbar,
aller auf den Augenschein gegründeten Erfahrung widerspricht"". „Zur Lösung
dieses Widerspruchs"" fährt er fort, „bedarf es noch vieler Mittelglieder.“ Er
versprach, diese Lösung später zu geben.
Die wenigen Nationalökonomen, denen diese Stelle auffiel, setzten ihre
Zuversicht auf diesen ihnen unlösbar scheinenden Widerspruch, der nach ihrer
Ansicht die Theorie zu Falle bringen mußte. Mehrere hofften, daß der Theore¬
tiker des Werthes dort mit seiner Dialektik und seinem Kommumnismus scheitern.
werde, denen, wie sie überzeugt waren, jede wissenschaftliche Grundlage fehle.
Herr Loria, der geniale Entdecker so mancher schon von Marx entdeckten
Theorien, ging so weit, zu behaupten, daß derselbe, um seine Ohumacht nicht
einzugestehen, sich entschlossen hätte, die beiden Bände, welche sein ökonomisches",3544,2260070,2263614
2046f5a5-49f9-4097-a18a-6d56874c7fad,1896-97aCLEAN.txt,"daß dies Gesetz offenbar, aller auf den Augenschein gegründeten Erfahrung widerspricht"". „",Kapital,"Vol.1, p.244",2262782,2262872,661,"Die Neue Zeit.
612
—
Männer"" habet in solchen gallen so gut wie immer für die Reaktion und gegen¬
die Sozialdemokratie entschieden, unter schmunzelndem Schweigen des Herrn Richter
Einerseits weiß er, daß die Junker nach dem Grundsatz leben: Hand wird nur
von Hand gewaschen, daß sie bei den Stichwahlen den Freisinn aufsttzen lassen,
rseits weiß er, daß die Sozialdemokraten prin¬
wenn er sie aufsitzen läßt, ander.
zipielle Politik treiben und in den Stichwahlen zwischen Freisinn und Reaktion
immer dem „kleineren Uebel“ den Vorzug geben. Herr Richter will, daß die
freisinnige Fraktion des Reichstags fortbesteht wie bisher: halb als Hilfstruppen,
der Reaktion, halb als Kanonenfutter der Sozialdemokratie. Und würde man
ihm sagen, das sei doch ein sehr schäbiges Dasein, so würde der große Denker
achselzuckend antworten: Lieber sehr schäbig, als gar nicht leben!""
Der schöne Gedanke der „liberalen Phalanx"" ließe sich nur etwa dann
denken, wenn das berühmte „deutsche Bürgerthum"" sich aus eigener Kraft auf¬
raffte, sowohl der Klique Richter=Träger als auch der Klique Rickert=Barth den
Laufpaß gäbe, sich den Kopf frei machte von dem „allgemeinen Phrafennebel,
der kapitalistischen Presse und endlich einmal, was ihm Lassalle schon vor dreißig,
Jahren gerathen hat, selbst denken und selbst handeln kernte. Aber natürlich
ist dieser Gedanke die reine Phantasmagorie, genau dieselbe Phantasmagorie,
welche das berühmte „deutsche Bürgerthum“ selbst ist. Die liberale Bourgeoisie,
ist ein Offizierkorps ohne Heer, und findet keine Massen mehr, die ihre Schlachten¬
schlagen. Das Kleinbürgerthum ist in seinen rückständigeren Elementen zum Anti¬
semittsmus, in seinen vorgeschritteneren Elementen zur Sozialdemokratie ab¬
geschwenkt. Das industrielle Proletariat läßt sich nirgends mehr durch kapitalistischer
Redensartet nasführen, und das ländliche Proletariat lebt noch im geistigen
Banne der Junker und Pfaffen, aus dem es einmal die Sozialdemokratie lösen¬
wird, aber die liberale Bourgeoisie niemals lösen kann.
Somit wird die „liberale Phalanx“ im Reiche der „Wahldichtung"" und
der „Trittksprüche"" bleiben, und der freisinnige Wahlkampf wird in den Bahnen
verlaufen, die ihm Herr Richter vorgezeichnet hat. Wobei für die übrige Menschheit,
wenigstens der Trost abfällt, daß auch der verbohrteste Manchestermann durch
fortgesetzte Schläge etwas lernen kann, wenn auch nur etwas sehr Schäbiges.

NEW_DOCUMENT	
Lafargue,_1897_15:01_531_Die-ökonomischen-Funktionen-der-Börse.

///// Die ökonomischen Funktionen der Börse. 
Ein Beitrag zur Werththeorie [1] ////// Paul Lafargue 

Nachdem Marx im ersten Bande des „Kapital“, Kapitel X, das Gesetz,
des Mehrwerths festgestellt hatte, fügte er sogleich hinzu, „daß dies Gesetz offenbar,
aller auf den Augenschein gegründeten Erfahrung widerspricht"". „Zur Lösung
dieses Widerspruchs"" fährt er fort, „bedarf es noch vieler Mittelglieder.“ Er
versprach, diese Lösung später zu geben.
Die wenigen Nationalökonomen, denen diese Stelle auffiel, setzten ihre
Zuversicht auf diesen ihnen unlösbar scheinenden Widerspruch, der nach ihrer
Ansicht die Theorie zu Falle bringen mußte. Mehrere hofften, daß der Theore¬
tiker des Werthes dort mit seiner Dialektik und seinem Kommumnismus scheitern.
werde, denen, wie sie überzeugt waren, jede wissenschaftliche Grundlage fehle.
Herr Loria, der geniale Entdecker so mancher schon von Marx entdeckten
Theorien, ging so weit, zu behaupten, daß derselbe, um seine Ohumacht nicht
einzugestehen, sich entschlossen hätte, die beiden Bände, welche sein ökonomisches",3544,2260070,2263614
cf1dec90-e3ff-4dfe-a44e-7fbd5d92f22a,1896-97aCLEAN.txt,"1 Vergl. „Kapital“, Bd. I, S. 329, Aum. 75, und Roscher, „System der Volkswirth¬ schaft, 1. Auflage (1854½), S. 359, 360, 361.",Kapital,Footnote refers to text above. ,1843563,1843689,549,"Dr. Adolph v. Wenckstern: In eigener Sache.
497
zitirt und hat bei der Bildung seines Werthbegriffes den Proudhonschen konstituirten.
Werth benutzt. Hierbei ist es ihm passirt, daß er erklärt, Aristoteles hätte bei der
Analyse des Werthbegriffs gestutzt und sie nicht durchgeführt, während Aristoteles,
eine vollständig durchgeführte Werthlehre gegeben hat.
Marx hat ferner die Ausführung von Roscher total auf den Kopf gestellt¬
und endlich den Anschein erweckt, als ob sein Werthbegriff etwas wefentlich Anderes,
als der konstituirte Werth Proudhons ist.*
Wenn Herr Mehring besonders dadurch gereizt worden ist, daß ich Marx als
Plagiator hinzustellen versucht habe, so hätte er zum Mindestet gerechter Weise,
erwähnen müssen, daß ich gezeigt habe, wie die erste Fassung der materialistischen
Geschichtsauffassung im spezifischen Sinne von Marx und Engels bereits im
Jahre 1833 von Jules Le Chevalier gegeben worden ist.
Allerdings würde Herr Mehring dann in die Lage gekommen sein, etwas
Sachliches auf meine Ausführungen erwidern zu müssen, abgesehen davon, daß er
dann auch hätte berichten müssen, daß ich ausdrücklich bei dieser Gelegenheit an¬
erkannt habe, daß Marx gegenüber darauf kein Gewicht zu legen sei, ob er
Le Chevalier benutzt habe oder nicht, wobei ich mich daran erinnert habe, daß Marz
und Engels Rodbertus gegenüber den Standpunkt eingenommen haben, daß er seine e¬
Theorien zwar später als englische oder französische Schriftsteller, aber doch ganz
selbständig ausgearbeitet habe.
Ich beschuldige also Herrn Mehring, daß er bei der Kritik eines Werkes,
welches in loyalster Weise den ersten Schriftsteller des Sozialismus behandelt und
für die erhobenen Vorwürfe kontrollirbare Begründungen giebt, schließlich aber in
das Schlußurtheil ausmündet, daß das „Kapital"" eine eminente Leistung, eine hoher
Schule geistiger Arbeit, der erste großartige Versuch einer Anwendung der „Forschung,
nach der Wirkung“ auf dem Gebiete der Wirthschafts- und Gesellschaftslehre ist —
den Verfasser dieses Buches auf Grund falscher Zitate und den Sinn voll¬
ständig entstellender Wiedergabe seiner Darstellungen bezichtigt hat, Mar¬
wider beffere Einsicht herunterzureißen.
Ich darf das augenfälligste Beispiel bei der Schwere der Beschuldigungen, die
Herr Mehring gegen mich richtet, noch einmal — auch unter Ihrer Zustimmung, sehr
geschätzter Herr Redakteur — in helles Licht setzen.
zitirt Herr Mehring.
Wo ich geschrieben habe: „Der Kern der Sache ist getroffen“
zwischen Anführungsstrichen: der „eigentliche Kern der Sache"" ist „nicht“ getroffen.
Die ganze Kritik, die Herr Mehring mir zutheil werden läßt, ist durchgehends,
sie von mir bisher beleuchtet wurde, in demselben Grade wahr, wie dieses Zitat.
soweit:
Herr v. Struve sowohl wie Herr Mehring sind mit der Form meines Buches,
unzufrieden.
Herr Mehring bezeichnet es als einen Häringsfalat. Ganz recht; aber ich
kann den beiden Herren eine Erklärung dafür geben, warum ich darauf verzichtet
habe, eine abgerundete Darstellung gerade im zweiten Theil meines Buches zu¬
geben, in welchem ich Marx mit Aristoteles, Proudhon, Hegel, Kant, Jules
Le Chevalier, Schopenhauer und Stirner in Verbindung bringe.
Ich befürchtete nämlich, wenn ich in meinen eigenen Worten die Gedanken,
der genannten Forscher den Ideen von Marx gegenüberstellte, dem Vorwurf zu be¬
gegnen, daß ich jene ersteren tendenziös zugespitzt hätte.
Das wollte ich vermeiden. Darum opferte ich die Form und gab sie der
nach dieser Riehtung hin berechtigten Kritik preis.
Habe ich unrecht gehabt, sehr geschätzter Herr Redakteur, eine solche Befürch¬
tung zu hegen? Nach den Proben der Kritik der Herren Mehring und v. Struve¬
glaube ich richtig gehandelt zu haben.
1 Vergl. „Kapital“, Bd. I, S. 329, Aum. 75, und Roscher, „System der Volkswirth¬
schaft, 1. Auflage (1854½), S. 359, 360, 361.
2 Proudhons „Philosophie de la Misére“ und „Kapital“.
1896-97. L. Bd.",3892,1839867,1843759
f8425034-c468-4f4e-8086-43510b5f41c4,1896-97aCLEAN.txt,"Marx hat ferner die Ausführung von Roscher total auf den Kopf gestellt¬ und endlich den Anschein erweckt, als ob sein Werthbegriff etwas wefentlich Anderes, als der konstituirte Werth Proudhons ist.*",Kapital,"Paraphrase, footnote citation, Kapital Vol.1, p.329",1840225,1840424,549,"Dr. Adolph v. Wenckstern: In eigener Sache.
497
zitirt und hat bei der Bildung seines Werthbegriffes den Proudhonschen konstituirten.
Werth benutzt. Hierbei ist es ihm passirt, daß er erklärt, Aristoteles hätte bei der
Analyse des Werthbegriffs gestutzt und sie nicht durchgeführt, während Aristoteles,
eine vollständig durchgeführte Werthlehre gegeben hat.
Marx hat ferner die Ausführung von Roscher total auf den Kopf gestellt¬
und endlich den Anschein erweckt, als ob sein Werthbegriff etwas wefentlich Anderes,
als der konstituirte Werth Proudhons ist.*
Wenn Herr Mehring besonders dadurch gereizt worden ist, daß ich Marx als
Plagiator hinzustellen versucht habe, so hätte er zum Mindestet gerechter Weise,
erwähnen müssen, daß ich gezeigt habe, wie die erste Fassung der materialistischen
Geschichtsauffassung im spezifischen Sinne von Marx und Engels bereits im
Jahre 1833 von Jules Le Chevalier gegeben worden ist.
Allerdings würde Herr Mehring dann in die Lage gekommen sein, etwas
Sachliches auf meine Ausführungen erwidern zu müssen, abgesehen davon, daß er
dann auch hätte berichten müssen, daß ich ausdrücklich bei dieser Gelegenheit an¬
erkannt habe, daß Marx gegenüber darauf kein Gewicht zu legen sei, ob er
Le Chevalier benutzt habe oder nicht, wobei ich mich daran erinnert habe, daß Marz
und Engels Rodbertus gegenüber den Standpunkt eingenommen haben, daß er seine e¬
Theorien zwar später als englische oder französische Schriftsteller, aber doch ganz
selbständig ausgearbeitet habe.
Ich beschuldige also Herrn Mehring, daß er bei der Kritik eines Werkes,
welches in loyalster Weise den ersten Schriftsteller des Sozialismus behandelt und
für die erhobenen Vorwürfe kontrollirbare Begründungen giebt, schließlich aber in
das Schlußurtheil ausmündet, daß das „Kapital"" eine eminente Leistung, eine hoher
Schule geistiger Arbeit, der erste großartige Versuch einer Anwendung der „Forschung,
nach der Wirkung“ auf dem Gebiete der Wirthschafts- und Gesellschaftslehre ist —
den Verfasser dieses Buches auf Grund falscher Zitate und den Sinn voll¬
ständig entstellender Wiedergabe seiner Darstellungen bezichtigt hat, Mar¬
wider beffere Einsicht herunterzureißen.
Ich darf das augenfälligste Beispiel bei der Schwere der Beschuldigungen, die
Herr Mehring gegen mich richtet, noch einmal — auch unter Ihrer Zustimmung, sehr
geschätzter Herr Redakteur — in helles Licht setzen.
zitirt Herr Mehring.
Wo ich geschrieben habe: „Der Kern der Sache ist getroffen“
zwischen Anführungsstrichen: der „eigentliche Kern der Sache"" ist „nicht“ getroffen.
Die ganze Kritik, die Herr Mehring mir zutheil werden läßt, ist durchgehends,
sie von mir bisher beleuchtet wurde, in demselben Grade wahr, wie dieses Zitat.
soweit:
Herr v. Struve sowohl wie Herr Mehring sind mit der Form meines Buches,
unzufrieden.
Herr Mehring bezeichnet es als einen Häringsfalat. Ganz recht; aber ich
kann den beiden Herren eine Erklärung dafür geben, warum ich darauf verzichtet
habe, eine abgerundete Darstellung gerade im zweiten Theil meines Buches zu¬
geben, in welchem ich Marx mit Aristoteles, Proudhon, Hegel, Kant, Jules
Le Chevalier, Schopenhauer und Stirner in Verbindung bringe.
Ich befürchtete nämlich, wenn ich in meinen eigenen Worten die Gedanken,
der genannten Forscher den Ideen von Marx gegenüberstellte, dem Vorwurf zu be¬
gegnen, daß ich jene ersteren tendenziös zugespitzt hätte.
Das wollte ich vermeiden. Darum opferte ich die Form und gab sie der
nach dieser Riehtung hin berechtigten Kritik preis.
Habe ich unrecht gehabt, sehr geschätzter Herr Redakteur, eine solche Befürch¬
tung zu hegen? Nach den Proben der Kritik der Herren Mehring und v. Struve¬
glaube ich richtig gehandelt zu haben.
1 Vergl. „Kapital“, Bd. I, S. 329, Aum. 75, und Roscher, „System der Volkswirth¬
schaft, 1. Auflage (1854½), S. 359, 360, 361.
2 Proudhons „Philosophie de la Misére“ und „Kapital“.
1896-97. L. Bd.",3892,1839867,1843759
6b309246-c3be-48df-9e65-84924e77af33,1896-97aCLEAN.txt,"bereits im Begriff ist, den Feuerbachschen „Menschen“ preiszugeben; an seine Stelle das (originale) „wirkliche r Gattungswesen"" zu setzen. „Kapital“, Bd. I S. 453.",Kapital,"Kapital Vol. 1, p.453",1832145,1832308,546,"Die Neue Zeit.
494
Weit entfernt also, meine Ausführung über den ethischen Charakter de es
Marxismus auf die ersten Werke von Marx zu basiren, habe ich im Gegentheil ihm
auf das „Kapital"" begründet, das „Elend der Philosophie"" und die „Heilige,
Familie“, sowie die Erwähnung, welche Stirner der Idee des „wirklichen Gattungs¬
wesens Mensch"" zutheil werden läßt, aber nur in loyalster Weise zur Ergänzung.
herangezogen.
Hierzu glaubte ich ganz besonders dadurch berechtigt zu sein, daß ich das
„wirkliche Gattungswesen Mensch"" zwar nicht dem Namen, aber der Sache nach, in
„Kapital"" als frei vergesellschafteten Menschen und als „das total entwickelte In¬
dividuum"" welches nach dem Absterben des Staates bewußt Produktionsprozesse
leitet,“ wiedergefunden habe.
Herrn v. Struves Einwände entbehren also der logischen Wahrheit, wenn er
behauptet, ich hätte den ethischen Charakter des Marxismus auf einen späterhin von
Marx verlassenen Begriff hin dem Marxismus vindizirt.
Demselben Schicksal erliegt Herr v. Strüve noch einmal. Indem er von dem
„Fetisch=Charakter der Waare“ spricht, bemerkt er, daß demjenigen, dem, wie dem e
Herrn v. Wenckstern, das Kapitel über den Fetisch-Charakter der Waare geheimniß¬
voll vorkommt, die wichtigste Voraussetzung für das Verständniß des ökonomischen
Systems von Marx fehlt.
Davon aber, daß mir dieses Kapitel geheimnißvoll erscheint, steht in meinem
Im Gegentheil, an der Stelle, welche
ganzen Buche auch nicht ein einziges Wort.
S. 194 und nicht S. 124 in meinem.
Herr v. Struve anführt (welche übrigens¬
Buche zu finden ist), sage ich ausdrücklich, daß Marx in einem geheimnißvoll gehal¬
der Waare und sein Geheimniß"" dieses
tenen Abschnitt: „Der Fetisch=Charakter,
zwischen die Personen gesehoben wurde,
„einfache Verhältniß"" daß die Sache
behandelt hat.
Nicht ich also halte dieses Kapitel für geheimnißvoll; ich referire lediglich,
daß Marx es „Fetisch=Charakter der Waare und sein Geheimniß“ benannt und es
geheimnißvoll gehalten hat.
Damit, daß ich das Verhältniß als „dieses einfache"" Verhältniß bezeichne,
gebe ich klar zu erkennen, daß ich dieses Kapitel nicht für geheimnißvoll halte.
Ich glaube, sehr geschätzter Herr Redakteur, Sie werden sich mir zu Dank¬
verpflichtet fühlen, daß ich Ihnen behilflich bin, die „wissenschaftliche Revue des¬
Sozialismus"" von solchen logischen Schnitzern, die sich in sie eingeschlichen haben, zuwen
reinigen.
In noch höherem Grade hoffe ich nun Ihren Dank zu erwerben, indem ich
mich zu Herrn Mehring wende.
Herr Mehring nennt mein Buch ein Pamphlet.“ Herr Mehring führt aus,
ich hätte mich bemüht, Marx als „Plagiator“ hinzustellen. Herr Mehring schiebt,
mir die Absicht zu, Marx auf Kosten meiner besseren Einsicht herunterzureißen.
Stärkere Beschuldigungen auf literarischem Gebiete halte ich für kaum möglich.
Aber damit noch nicht genug.
Herr Mehring setzt mich noch in anderer Weise herab, indem er als treibendes,
Motiv bei der Abfassung meines Werkes die Bemühung darstellt, unter Benutzung
aller bisher gegenüber Marx geübten Kritik, doch ausgesprochen zu haben, alle anderen¬
Kritiker hätten den „etgentlichen Kern der Sache nicht“ getroffen, ich aber
würde ihnen jetzt zeigen, wo Barthel den Møst holt.
———
daß Marx nach Strüve noch Feuerbachianer ist, nach mir — bereits im Begriff ist, den
Feuerbachschen „Menschen“ preiszugeben; an seine Stelle das (originale) „wirkliche r
Gattungswesen"" zu setzen.
„Kapital“, Bd. I S. 453.
2 Nach F. Engels, der hier Marx ergänzt.
2 In Nr. 4 des Jahrgangs 1896/37.
*Dies und das zunächst folgende in Nr. 51 (1895/96) im Artikel:
„Literarischer
Bankerott“",3588,1828885,1832473
bb747955-c24b-4519-892f-d9ee03cc0163,1896-97aCLEAN.txt,"Hierzu glaubte ich ganz besonders dadurch berechtigt zu sein, daß ich das „wirkliche Gattungswesen Mensch"" zwar nicht dem Namen, aber der Sache nach, in „Kapital"" als frei vergesellschafteten Menschen und als „das total entwickelte In¬ dividuum"" welches nach dem Absterben des Staates bewußt Produktionsprozesse leitet,“ wiedergefunden habe",Kapital,P.400 / 439,1829304,1829644,546,"Die Neue Zeit.
494
Weit entfernt also, meine Ausführung über den ethischen Charakter de es
Marxismus auf die ersten Werke von Marx zu basiren, habe ich im Gegentheil ihm
auf das „Kapital"" begründet, das „Elend der Philosophie"" und die „Heilige,
Familie“, sowie die Erwähnung, welche Stirner der Idee des „wirklichen Gattungs¬
wesens Mensch"" zutheil werden läßt, aber nur in loyalster Weise zur Ergänzung.
herangezogen.
Hierzu glaubte ich ganz besonders dadurch berechtigt zu sein, daß ich das
„wirkliche Gattungswesen Mensch"" zwar nicht dem Namen, aber der Sache nach, in
„Kapital"" als frei vergesellschafteten Menschen und als „das total entwickelte In¬
dividuum"" welches nach dem Absterben des Staates bewußt Produktionsprozesse
leitet,“ wiedergefunden habe.
Herrn v. Struves Einwände entbehren also der logischen Wahrheit, wenn er
behauptet, ich hätte den ethischen Charakter des Marxismus auf einen späterhin von
Marx verlassenen Begriff hin dem Marxismus vindizirt.
Demselben Schicksal erliegt Herr v. Strüve noch einmal. Indem er von dem
„Fetisch=Charakter der Waare“ spricht, bemerkt er, daß demjenigen, dem, wie dem e
Herrn v. Wenckstern, das Kapitel über den Fetisch-Charakter der Waare geheimniß¬
voll vorkommt, die wichtigste Voraussetzung für das Verständniß des ökonomischen
Systems von Marx fehlt.
Davon aber, daß mir dieses Kapitel geheimnißvoll erscheint, steht in meinem
Im Gegentheil, an der Stelle, welche
ganzen Buche auch nicht ein einziges Wort.
S. 194 und nicht S. 124 in meinem.
Herr v. Struve anführt (welche übrigens¬
Buche zu finden ist), sage ich ausdrücklich, daß Marx in einem geheimnißvoll gehal¬
der Waare und sein Geheimniß"" dieses
tenen Abschnitt: „Der Fetisch=Charakter,
zwischen die Personen gesehoben wurde,
„einfache Verhältniß"" daß die Sache
behandelt hat.
Nicht ich also halte dieses Kapitel für geheimnißvoll; ich referire lediglich,
daß Marx es „Fetisch=Charakter der Waare und sein Geheimniß“ benannt und es
geheimnißvoll gehalten hat.
Damit, daß ich das Verhältniß als „dieses einfache"" Verhältniß bezeichne,
gebe ich klar zu erkennen, daß ich dieses Kapitel nicht für geheimnißvoll halte.
Ich glaube, sehr geschätzter Herr Redakteur, Sie werden sich mir zu Dank¬
verpflichtet fühlen, daß ich Ihnen behilflich bin, die „wissenschaftliche Revue des¬
Sozialismus"" von solchen logischen Schnitzern, die sich in sie eingeschlichen haben, zuwen
reinigen.
In noch höherem Grade hoffe ich nun Ihren Dank zu erwerben, indem ich
mich zu Herrn Mehring wende.
Herr Mehring nennt mein Buch ein Pamphlet.“ Herr Mehring führt aus,
ich hätte mich bemüht, Marx als „Plagiator“ hinzustellen. Herr Mehring schiebt,
mir die Absicht zu, Marx auf Kosten meiner besseren Einsicht herunterzureißen.
Stärkere Beschuldigungen auf literarischem Gebiete halte ich für kaum möglich.
Aber damit noch nicht genug.
Herr Mehring setzt mich noch in anderer Weise herab, indem er als treibendes,
Motiv bei der Abfassung meines Werkes die Bemühung darstellt, unter Benutzung
aller bisher gegenüber Marx geübten Kritik, doch ausgesprochen zu haben, alle anderen¬
Kritiker hätten den „etgentlichen Kern der Sache nicht“ getroffen, ich aber
würde ihnen jetzt zeigen, wo Barthel den Møst holt.
———
daß Marx nach Strüve noch Feuerbachianer ist, nach mir — bereits im Begriff ist, den
Feuerbachschen „Menschen“ preiszugeben; an seine Stelle das (originale) „wirkliche r
Gattungswesen"" zu setzen.
„Kapital“, Bd. I S. 453.
2 Nach F. Engels, der hier Marx ergänzt.
2 In Nr. 4 des Jahrgangs 1896/37.
*Dies und das zunächst folgende in Nr. 51 (1895/96) im Artikel:
„Literarischer
Bankerott“",3588,1828885,1832473
026d6410-ccac-4a05-8cb9-36aa162ee166,1896-97aCLEAN.txt,"Herr v. Struve glaubt diese beiden Begriffe identifiziren zu sollen, währende schon 3. B. „Stirner“ ganz klar darüber war, daß Marx bei seinem „wirklichen Gattungswesen Mensch"" eine Abwendung von dem Feuerbachschen Meuschen vollzog.) „Kapital“, Bd. I, 4. Auflage, S. 26. Gilt auch für das sich im Text unmittelbar anschließende.",Kapital,Page 14.,1827901,1828229,545,"Dr. Adolph v. Wenckstern: In eigener Sache.
493
Ich zeigte ferner, daß in dem Begriffe der gleichgeltenden menschlichen
abstrakten Arbeit keineswegs die Arbeit allein physiologisch betrachtet ist; daß
vielmehr, indem diese gleichgeltende menschliche Arbeit der Sklavenarbeit der Antike
gegenübergestellt wird,“ und da ausdrücklich von Marx darauf hingewiesett wird,
daß der Begriff der gleichgeltenden menschlichen Arbeit nur gebildet werden konnte,
„sobald der Begriff der menschlichen Gleichheit bereits die Festigkeit eines Volks¬
vorurtheils besitzt"", von vornherein nicht nur ökonomische, sondern im strengen
Sinnte des Wortes filtliche Elemente im Begriff der gleichgeltenden Arbeit ent¬
halten sind. Denn der Begriff der menschlichen Gleichheit ist doch, wenn irgend
einer, ein sittlicher Begriff.
Ich wies ferner darauf hin, daß in allen Formen, welche die Sittlichkeit an¬
nehmen mag, eine unbezahlte Arbeit stets als unsittlich gelten wird. Indem Marx¬
aber den Mehrwerth als geronnene unbezahlte Arbeit bezeichnet, bringt er auch
bei seiner Fundamentallehre, der Mehrwerthlehre, die sittlichen Elemente mit den
rein ökonomischen zufammen in Anwendung.
Ich führte endlich aus, daß Marx im „Kapital"" und im „Elend der Philo¬
sophie“ alle Kraft des Proletartats unter der Peitsche des Kapitalismus verkümmern e.
sieht, so daß einzig und allein die „Empörung“ als Keim, aus welchem die neue¬
Entwicklung hervorgehen kann, übrig bleibt.
Mit dieser letzten Wendung greife ich allerdings auf die „Heilige Familie¬
zurück, indem ich die Stelle aus dem „Elend der Philosophie"", nach welcher, von
dem Augenblick an, wo die Theilung der Arbeit in der mechanischen Fabrik die
Menschen alle in dem Sinne gleich gemacht hat, daß sie nichts Anderes sind, als
gleichmäßig verstümmelte bloße Maschinen, sich das Bedürfniß nach Universalität,
das Bestreben nach einer allseitigen Entwicklung des Individuums fühlbar macht,
durch jene Auslassung in der „Heiligen Familie“ ergänze: daß die „Empsrung“ i
dem Bestreben nach allseitiger Entwicklung führt.
Ich glaube bei dieser Ergänzung des Ideenganges des „Kapitals"" und des
„Elends der Philosophie"" durchaus loyal gehandelt zu haben, denn wie sonst, wenn
diese „Empörung"" nicht übrig bliebe, sollte es denkbar sein, daß aus den total ver¬
stümmelten Individuen sich allseitig entwickelte Individuen herausarbeiten könntent
Nachdem ich also aus diesen vier Gründen „dem Marxismus einen ethischen
Charakter vindizirt"" habe, habe ich mich gefragt: wie denn das ethische Ideal vom
Marx beschaffen ist? Und nunmehr habe ich zur Erläuterung den Begriff des
„wirklichen Gattungswesens Mensch"" herangezogen, wobei ich aber ausdrücklich
betont habe, daß Marx je länger, je weniger sich mit ethischen Bezeichnungen oder,
wie ich sie nannte, „Etiketten“ abgegeben hat, so daß allerdings die Namen, die
Begriffe „gut"", „schlecht"" u. s. w. im „Kapital"" nicht verwandt worden sind,
während doch die Grundlagen für die Klassifizirung der dargestellten
Entwicklung als einer guten und einer schlechten gegeben sind.
Hier habe ich noch zu bemerken, daß das „wirkliche Gattungswesen Mensch""
etwas wesentlich Anderes ist, als der „Feuerbachsche"" Mensch.
Herr v. Struve glaubt diese beiden Begriffe identifiziren zu sollen, währende
schon 3. B. „Stirner“ ganz klar darüber war, daß Marx bei seinem „wirklichen
Gattungswesen Mensch"" eine Abwendung von dem Feuerbachschen Meuschen vollzog.)
„Kapital“, Bd. I, 4. Auflage, S. 26. Gilt auch für das sich im Text unmittelbar
anschließende.
„Elend der Philøsophie“ 2. Auflage, 1892. S. 129.
Mir ist nicht unbekannt, daß Marx gelegentlich auch davon absieht, daß das Prole¬
tariat verelendet, daß er im Gegentheil durch die Arbeit pp. das Proletariat gestählt U.
steht. Hieran knüpfte ich meine Kritik - doch dürfte das nicht hierher gehören. Auch „der
gestählte"" Proletarier gehört übrigens der Ethik, nicht der „reinen Oekonomie“. Vergl.
Kautsky, „Neue Zeit"" Nr. 51 (1895/96) S. 773 ff., besonders S. 777, Zeile 21 von oben.
„Der Einzige und sein Eigenthum.“ Reclamsche Ausgabe, S. 205. Es ist möglich,
daß hier Herr v. Struve recht hat. Der Unterschied unserer Auffassungen liegt hier darin,",4157,1824725,1828882
b23d77b8-827e-4bb4-beb9-7d180adc8632,1896-97aCLEAN.txt,"daß der Begriff der gleichgeltenden menschlichen Arbeit nur gebildet werden konnte, „sobald der Begriff der menschlichen Gleichheit bereits die Festigkeit eines Volks¬ vorurtheils besitzt"", von vornherein nicht nur ökonomische, sondern im strengen Sinnte des Wortes filtliche Elemente im Begriff der gleichgeltenden Arbeit ent¬ halten sind",Kapital,"Vol. 1, p,636 (MEGA II/5)",1825091,1825430,545,"Dr. Adolph v. Wenckstern: In eigener Sache.
493
Ich zeigte ferner, daß in dem Begriffe der gleichgeltenden menschlichen
abstrakten Arbeit keineswegs die Arbeit allein physiologisch betrachtet ist; daß
vielmehr, indem diese gleichgeltende menschliche Arbeit der Sklavenarbeit der Antike
gegenübergestellt wird,“ und da ausdrücklich von Marx darauf hingewiesett wird,
daß der Begriff der gleichgeltenden menschlichen Arbeit nur gebildet werden konnte,
„sobald der Begriff der menschlichen Gleichheit bereits die Festigkeit eines Volks¬
vorurtheils besitzt"", von vornherein nicht nur ökonomische, sondern im strengen
Sinnte des Wortes filtliche Elemente im Begriff der gleichgeltenden Arbeit ent¬
halten sind. Denn der Begriff der menschlichen Gleichheit ist doch, wenn irgend
einer, ein sittlicher Begriff.
Ich wies ferner darauf hin, daß in allen Formen, welche die Sittlichkeit an¬
nehmen mag, eine unbezahlte Arbeit stets als unsittlich gelten wird. Indem Marx¬
aber den Mehrwerth als geronnene unbezahlte Arbeit bezeichnet, bringt er auch
bei seiner Fundamentallehre, der Mehrwerthlehre, die sittlichen Elemente mit den
rein ökonomischen zufammen in Anwendung.
Ich führte endlich aus, daß Marx im „Kapital"" und im „Elend der Philo¬
sophie“ alle Kraft des Proletartats unter der Peitsche des Kapitalismus verkümmern e.
sieht, so daß einzig und allein die „Empörung“ als Keim, aus welchem die neue¬
Entwicklung hervorgehen kann, übrig bleibt.
Mit dieser letzten Wendung greife ich allerdings auf die „Heilige Familie¬
zurück, indem ich die Stelle aus dem „Elend der Philosophie"", nach welcher, von
dem Augenblick an, wo die Theilung der Arbeit in der mechanischen Fabrik die
Menschen alle in dem Sinne gleich gemacht hat, daß sie nichts Anderes sind, als
gleichmäßig verstümmelte bloße Maschinen, sich das Bedürfniß nach Universalität,
das Bestreben nach einer allseitigen Entwicklung des Individuums fühlbar macht,
durch jene Auslassung in der „Heiligen Familie“ ergänze: daß die „Empsrung“ i
dem Bestreben nach allseitiger Entwicklung führt.
Ich glaube bei dieser Ergänzung des Ideenganges des „Kapitals"" und des
„Elends der Philosophie"" durchaus loyal gehandelt zu haben, denn wie sonst, wenn
diese „Empörung"" nicht übrig bliebe, sollte es denkbar sein, daß aus den total ver¬
stümmelten Individuen sich allseitig entwickelte Individuen herausarbeiten könntent
Nachdem ich also aus diesen vier Gründen „dem Marxismus einen ethischen
Charakter vindizirt"" habe, habe ich mich gefragt: wie denn das ethische Ideal vom
Marx beschaffen ist? Und nunmehr habe ich zur Erläuterung den Begriff des
„wirklichen Gattungswesens Mensch"" herangezogen, wobei ich aber ausdrücklich
betont habe, daß Marx je länger, je weniger sich mit ethischen Bezeichnungen oder,
wie ich sie nannte, „Etiketten“ abgegeben hat, so daß allerdings die Namen, die
Begriffe „gut"", „schlecht"" u. s. w. im „Kapital"" nicht verwandt worden sind,
während doch die Grundlagen für die Klassifizirung der dargestellten
Entwicklung als einer guten und einer schlechten gegeben sind.
Hier habe ich noch zu bemerken, daß das „wirkliche Gattungswesen Mensch""
etwas wesentlich Anderes ist, als der „Feuerbachsche"" Mensch.
Herr v. Struve glaubt diese beiden Begriffe identifiziren zu sollen, währende
schon 3. B. „Stirner“ ganz klar darüber war, daß Marx bei seinem „wirklichen
Gattungswesen Mensch"" eine Abwendung von dem Feuerbachschen Meuschen vollzog.)
„Kapital“, Bd. I, 4. Auflage, S. 26. Gilt auch für das sich im Text unmittelbar
anschließende.
„Elend der Philøsophie“ 2. Auflage, 1892. S. 129.
Mir ist nicht unbekannt, daß Marx gelegentlich auch davon absieht, daß das Prole¬
tariat verelendet, daß er im Gegentheil durch die Arbeit pp. das Proletariat gestählt U.
steht. Hieran knüpfte ich meine Kritik - doch dürfte das nicht hierher gehören. Auch „der
gestählte"" Proletarier gehört übrigens der Ethik, nicht der „reinen Oekonomie“. Vergl.
Kautsky, „Neue Zeit"" Nr. 51 (1895/96) S. 773 ff., besonders S. 777, Zeile 21 von oben.
„Der Einzige und sein Eigenthum.“ Reclamsche Ausgabe, S. 205. Es ist möglich,
daß hier Herr v. Struve recht hat. Der Unterschied unserer Auffassungen liegt hier darin,",4157,1824725,1828882
f9468f5e-a818-4422-bc27-b3088f9eda58,1896-97aCLEAN.txt,Seine Schrift ist in letzter Instanz eben doch auch nur eine jener „Anweisungen zur Beruhigung des bürgerlichen Bewußtseins“ deren Marx schon vor dreißig Jahren so viele in der bürgerlichen Oekonomie entdeckte.,Kapital,"Reference to 1873 foreword of 1890 edition of Kapital, Vol.1, p.14",1675081,1675291,499,"
1896-97.
XV. Jahrgang, I. Band,
Nr. 15.
///// Politik und Sozialismus /////

2 Berlin, 30. Dezember 1896.
Vor einigen Wochen hat Herr Werner Sombart — „Professor an der
Universität Breslau"" wie er sich zu seiner Legitimation auf dem Titelblatt,
nennt — eine kleine Schrift „über den Sozialismus und die soziale Bewegung
im neunzehnten Jahrhundert"" bei Gustav Fischer in Jena herausgegeben. Irgende
welche neue Gedanken oder Thatsachen enthält das Büchlein nicht, was übrigens
keinen Vorwurf gegen den Verfasser begründet. Es besteht aus acht Vorträgen,
die Herr Sombart im Herbst dieses Jahres „vor einem sehr bunt zusammene
gesetzten Publikum"" in Zürich gehalten hat und erfüllt ganz gut seinen Zweck,
einem gemischten Hörerkreise, dem es mehr auf die allgemeine Aehnlichkeit und
die gefällige Form, als auf die originale Auffassung und die genaue Zeichnung
des Bildes ankommt, die wesentlichsten Gesichtspunkte zu entwickeln, um die es¬
sich bei der historischen Würdigung des modernen wissettschaftlichen Kommunismus
handelt.
Denn dies ist der Inhalt und Zweck der Schrift, wenn man das Beste¬
an ihr genau präzisiren will. Das minder Gute ist eben die abstumpfende
Glätte, womit Herr Sombart, wie schon der Titel verräth, sein Thema behandelt.
Er mag dabei von einer guten Absicht geleitet sein, etwa wie der Arzt, der einem
Kinde eine bittere Arznei mit dem Troste einflößt, daß sie ja gar nicht so schlecht,
schmecke. Möglich auch, daß sich die bürgerliche Lesewelt oder doch ein Theil¬
von ihr als großes Kind behandeln läßt, was wir Herrn Sombart gerne gönnen,
wenn wir auch keinen Gewinn für die Sache darin erblicken können. Seine
Schrift ist in letzter Instanz eben doch auch nur eine jener „Anweisungen zur
Beruhigung des bürgerlichen Bewußtseins“ deren Marx schon vor dreißig Jahren
so viele in der bürgerlichen Oekonomie entdeckte.
Herr Sombart ist nun nicht folch' Tölpel, wie Herr Eugen Richter und
dergleichen kapitalistische Klopffechter; er sagt nicht: die Sozialdemokratie ist
Unsinn und damit Basta, sondern ganz im Gegentheil; die Sozialdemokratie hat
recht, nur zu sehr recht, keine Macht der Welt kann die revolutionäre Arbeiter¬
bewegung ausrotten oder den modernen wissenschaftlichen Kommunismus aus der
Welt schaffen, aber „es wohnt ein Geist des Guten in dem Uebel“, Gerade die
und gereinigt von den zahlreichen
historische Theorie des Marxismus, „Jublimirt
1896-97. I. Bd.",2402,1673445,1675847
db871d6e-0cb6-4b84-ad87-4768d0e4e9bc,1896-97aCLEAN.txt,"Sie haben keine von den Interessen des ganzen Proletariats getrennten Interessen. „Sie stellen keine besonderen Prinzipien auf, wonach sie die proletarische Bewegung modeln wollen. „Die Kommunisten unterscheiden sich von den übrigen proletarischen Par¬ teien nur dadurch, daß sie einerseits in den verschiedenen nationalen Kämpfen der Proletarier die gemeinsamen, von der Nattonalität unabhängigen Interessen des gesammten Proletariats hervorheben und zur Geltung bringen, andererseits dadurch, daß sie in den verschiedenen Entwicklungsstufen, welche der Kampf¬ zwischen Proletariat und Bourgeoisie durchläuft, stets das Interesse der Gesammt¬ bewegung vertreten. „Die Kommunisten sind also praktisch der entschiedenste, immer weiter treibende Theil der Arbeiterparteien aller Länder; sie haben thevretisch vor der Kautsky: Was will und kann die materialistische Geschichtsauffassung leisten? 269. übrigen Masse des Proletariats die Einsicht in die Bedingungen, den Gang und die allgemeinen Resultate der proletarischen Bewegung voraus. „Der nächste Zweck der Kommunisten ist derselbe wie der aller übrigen, proletarischen Parteien: Bildung des Proletariats zur Klasse, Sturz der Bourgeoisie¬ herrschaft, Eroberung der politischen Macht durch das Proletariat. „Die theoretischen Sätze der Kommunisten beruhen keineswegs auf Ideen, auf Prinzipien, die von diesem oder jenem Weltverbesserer erfunden oder ent¬ deckt sind. „Sie sind nur allgemeine Ausdrücke thatsächlicher Verhältnisse eines orist renden Klassenkampfes, einer unter unseren Augen vor sich gehenden geschicht¬ (Tist lichen Bewegung.",Manifest der Kommunistischen Partei,,991080,992675,301,"Die Neue Zeit.
268.
zeugung, diese Uebereinstimmung sei keine zufällige, sondern eine gesetzmäßige;
der Puritanismus sei die nothwendige Denkweise bestimmter Klassen unter be¬
mmten Verhältnissen. Ist während des vorwiegend naturalwirthschaftlichen
Miltelalters Leben und Lebenlassen die Maxime der Bauern, Kleinbürger, Lohn¬
arbeiter, so verfallen diese Schichten an der Schwelle der kapitalistischen
Produktionsweise düsterem Puritanismus, und zwar um so mehr, je rascher
und einschneidender die ökonomische und die ihr entsprechende politische Entwicklung
sich geltend macht, und je lebhafter die Reaktion der untersten Klassen dagegen.
Daß aber der Puritanismus, trotzdem er auch im übrigen Europa auftrat,
nur in England zur Herrschaft kam, nur dort sich der Gesellschaft aufzwingen,
sich nach dem Vorausgeschickten von selbst.
konnte, erklärt.
Gerade jene Erscheinung, die Bax mit seiner „verbesserten“ Methode for
völlig unenträthselbar schien, daß er zur Lösung des Problems zu ganz willkürlich,
erfundenen Eigenthümlichkeiten einer viele Jahrhunderte vorher vollzogenen Völker¬
mischung seine Zuflucht nahm, sie bildete für uns eine der glänzendsten Be¬
stätigungen der Fruchtbarkeit und Richtigkeit der materialistischen Geschichts¬
auffassung.
Und diese Fruchtbarkeit und Richtigkeit hat sie auf allen Gebieten erwiesen,
auf denen wir sie erprobt, mochte es nun die Erforschung der Vergangenheit,
oder das Begreifen der Gegenwart gelten.
Sie dient diesem Zweck ebenso gut wie jenem, und darin liegt ihre
praktische Bedeutung, darin ihre große Wichtigkeit nicht nur für den
forschenden, sondern auch für den kämpfenden Sozialisten, darum ist die
Frage der materialistischen Geschichtsauffassung keine bloße Doktorfrage, sondern
eine Frage, die uns Alle angeht.
Unsere Taktik, unser Verhalten in den politischen und sozialen Kämpfen,
der Gegenwart wird bis zu einem gewissen Grade beeinflußt von unserer Einsicht,
in die Bedingungen dieser Kümpfe, von unserer Erkenntniß der Triebkräfte der
geschichtlichen Entwicklung.
Die erste Schrift, in der die materialistische Geschichtsauffassung systematisch,
auseinandergesetzt wurde, begründete auch die endgiltige theoretische Ueberwindung,
des sozialistischen Utopismus und Sektirerthums.
Im „Kommunistischen Manifest"" untersuchten Marx und Engels die Frage;
„In welchem Verhältniß stehen die Kommunisten zu den Proletariern überhaupt?""
und sie erklärten:
„Die Kommunisten sind keine besondere Partei gegenüber den anderen
terparteien.
Ar.
„Sie haben keine von den Interessen des ganzen Proletariats getrennten
Interessen.
„Sie stellen keine besonderen Prinzipien auf, wonach sie die proletarische
Bewegung modeln wollen.
„Die Kommunisten unterscheiden sich von den übrigen proletarischen Par¬
teien nur dadurch, daß sie einerseits in den verschiedenen nationalen Kämpfen
der Proletarier die gemeinsamen, von der Nattonalität unabhängigen Interessen
des gesammten Proletariats hervorheben und zur Geltung bringen, andererseits
dadurch, daß sie in den verschiedenen Entwicklungsstufen, welche der Kampf¬
zwischen Proletariat und Bourgeoisie durchläuft, stets das Interesse der Gesammt¬
bewegung vertreten.
„Die Kommunisten sind also praktisch der entschiedenste, immer weiter
treibende Theil der Arbeiterparteien aller Länder; sie haben thevretisch vor der",3310,988584,991894
1fd8154f-f49c-4236-8864-db7416599125,1896-97aCLEAN.txt,"Im „Kommunistischen Manifest"" untersuchten Marx und Engels die Frage; „In welchem Verhältniß stehen die Kommunisten zu den Proletariern überhaupt?"" und sie erklärten: „Die Kommunisten sind keine besondere Partei gegenüber den anderen terparteien.",Manifest der Kommunistischen Partei,,990828,991074,301,"Die Neue Zeit.
268.
zeugung, diese Uebereinstimmung sei keine zufällige, sondern eine gesetzmäßige;
der Puritanismus sei die nothwendige Denkweise bestimmter Klassen unter be¬
mmten Verhältnissen. Ist während des vorwiegend naturalwirthschaftlichen
Miltelalters Leben und Lebenlassen die Maxime der Bauern, Kleinbürger, Lohn¬
arbeiter, so verfallen diese Schichten an der Schwelle der kapitalistischen
Produktionsweise düsterem Puritanismus, und zwar um so mehr, je rascher
und einschneidender die ökonomische und die ihr entsprechende politische Entwicklung
sich geltend macht, und je lebhafter die Reaktion der untersten Klassen dagegen.
Daß aber der Puritanismus, trotzdem er auch im übrigen Europa auftrat,
nur in England zur Herrschaft kam, nur dort sich der Gesellschaft aufzwingen,
sich nach dem Vorausgeschickten von selbst.
konnte, erklärt.
Gerade jene Erscheinung, die Bax mit seiner „verbesserten“ Methode for
völlig unenträthselbar schien, daß er zur Lösung des Problems zu ganz willkürlich,
erfundenen Eigenthümlichkeiten einer viele Jahrhunderte vorher vollzogenen Völker¬
mischung seine Zuflucht nahm, sie bildete für uns eine der glänzendsten Be¬
stätigungen der Fruchtbarkeit und Richtigkeit der materialistischen Geschichts¬
auffassung.
Und diese Fruchtbarkeit und Richtigkeit hat sie auf allen Gebieten erwiesen,
auf denen wir sie erprobt, mochte es nun die Erforschung der Vergangenheit,
oder das Begreifen der Gegenwart gelten.
Sie dient diesem Zweck ebenso gut wie jenem, und darin liegt ihre
praktische Bedeutung, darin ihre große Wichtigkeit nicht nur für den
forschenden, sondern auch für den kämpfenden Sozialisten, darum ist die
Frage der materialistischen Geschichtsauffassung keine bloße Doktorfrage, sondern
eine Frage, die uns Alle angeht.
Unsere Taktik, unser Verhalten in den politischen und sozialen Kämpfen,
der Gegenwart wird bis zu einem gewissen Grade beeinflußt von unserer Einsicht,
in die Bedingungen dieser Kümpfe, von unserer Erkenntniß der Triebkräfte der
geschichtlichen Entwicklung.
Die erste Schrift, in der die materialistische Geschichtsauffassung systematisch,
auseinandergesetzt wurde, begründete auch die endgiltige theoretische Ueberwindung,
des sozialistischen Utopismus und Sektirerthums.
Im „Kommunistischen Manifest"" untersuchten Marx und Engels die Frage;
„In welchem Verhältniß stehen die Kommunisten zu den Proletariern überhaupt?""
und sie erklärten:
„Die Kommunisten sind keine besondere Partei gegenüber den anderen
terparteien.
Ar.
„Sie haben keine von den Interessen des ganzen Proletariats getrennten
Interessen.
„Sie stellen keine besonderen Prinzipien auf, wonach sie die proletarische
Bewegung modeln wollen.
„Die Kommunisten unterscheiden sich von den übrigen proletarischen Par¬
teien nur dadurch, daß sie einerseits in den verschiedenen nationalen Kämpfen
der Proletarier die gemeinsamen, von der Nattonalität unabhängigen Interessen
des gesammten Proletariats hervorheben und zur Geltung bringen, andererseits
dadurch, daß sie in den verschiedenen Entwicklungsstufen, welche der Kampf¬
zwischen Proletariat und Bourgeoisie durchläuft, stets das Interesse der Gesammt¬
bewegung vertreten.
„Die Kommunisten sind also praktisch der entschiedenste, immer weiter
treibende Theil der Arbeiterparteien aller Länder; sie haben thevretisch vor der",3310,988584,991894
7edb6059-6bf2-43d0-b6fa-8488dc41924a,1896-97aCLEAN.txt,"Eine gewisse Summe technischer Fortschritte wird stets neue Arbeits- und Lebensbedingungen erheischen, die un¬ Marx weist darauf hin, daß eine kritische Geschichte der Technologie noch nicht existirt, und bemerkt weiter: „Darwin hat das Interesse auf die Geschichte der natürlichen Technologie gelenkt, d. h. auf die Bildung der Pflanzen und Thierorgane als Produktions¬ instrumente für das Leben der Pflanzen und Thiere. Verdient die Bildungsgeschichte der produktiven Organe des Gesellschaftsmenschen, der materiellen Basis jeder besonderen Gesell¬ schaftsorganisation, nicht die gleiche Aufmerksamkeit? Und wäre sie nicht leichter zu liefern, da, wie Vico sagt, die Menschengeschichte sich dadurch von der Naturgeschichte unterscheidet, daß wir die eine gemacht und die andere nicht gemacht haben: Die Technologie enthüllt das aktive Verhalten des Menschen zur Natur, den unmittelbaren Produktionsprozeß seines Lebens, damit auch seiner gesellschaftlichen Lebensverhältnisse und der ihnen entquellenden geistigen Vorstellungen. Selbst alle Religionsgeschichte, die von dieser materiellen Basis ab¬ strahirt, ist — unkrilisch. Es ist in der That viel leichter, durch Analyse den irdischen Kern¬ der religlösen Nebelbildungen zu finden, als umgekehrt aus den jedesmaligen wirklichen Lebens¬ verhältnissen ihre verhimmelten Formen zu etwickeln. Die letztere ist die einzig¬ materialistische und daher wissenschaftliche Methode.“ Marx, Kapital, I, 4. Aufl. S. 335, Note 89.",Kapital,,855908,857380,256,"Kautsky: Was will und kann die materialistische Geschichtsauffassung leisten? 231
der Wechselwirkung von, um mit Bax zu sprechen, äußeren und inneren Faktoren.
Man muß eine geradezu mystische Vorstellung von der ökonomischen Entwicklung
haben, wenn man annimmt, sie könnte auch den kleinsten Schritt vorwärts machen.
ohne die Thätigkeit des menschlichen Geistes. Man halte doch die ökonomischen
Bedingungen und die ökonomische Entwicklung auseinander. Das sind zwei ganz
verschiedene Dinge.
In letzter Linie ist die ökonomische Entwicklung nichts Anderes als die
Entwicklung der Technik, das heißt, die Aufeinanderfolge der Erfindungen,
und Entdeckungen. Was sind diese anders als „Wechselwirkungen“ zwischen
dem Geist und den ökonomischen Bedingungen?
Der historische Materialismus, weit entfernt, die bewegende Kraft des
menschlichen Geistes in der Gesellschaft zu verneinen, giebt nur eine besondere,
von den bisherigen Annahmen verschiedene Erklärung des Wirkens dieser Kraft.
Der Geist bewegt die Gesellschaft, aber nicht als der Herr der ökonomi¬
schen Verhältnisse, sondern als ihr Diener. Sie sind es, die ihm die Aufgaben
stellen, welche er jeweilig zu lösen hat; sie sind es, die ihm die Mittel zu ihrer
Lösung geben. Und daher sind sie es auch, welche die Resultate bestimmen, die
er unter gegebenen historischen Bedingungen erzielen kann und erzielen muß. Die
nächste Wirkung, die der menschliche Geist mit der Lösung einer feiner Aufgaben
rzielt, kann eine von ihm gewøllte und vorhergesehene sein. Aber jede dieser
Lösungen muß Wirkungen erzeugen, die er nicht vorhersehen konnte und die
oft seinen Absichten direkt widersprechen. Die ökonomische Entwicklung ist das
Prodnkt der Wechselwirkung zwischen den ökonomischen Verhältnissen und dem
Menschengeist, sie ist aber nicht das Produkt der frei und planmäßig nach ihren
Gutdünken die ökonomischen Verhältnisse ordnenden Thätigkeit des Menschen.
Eine jede Lösung einer technischen Aufgabe stellt uns vor neue Aufgaben.
Die Ueberwindung einer jeden Schranke der Natur stellt uns vor neue Schranken,
die wir zu überwinden haben; die Befriedigung eines jeden Bedürfnisses erzeugt.
ein neues Bedürfniß. Jeder technische Fortschritt bringt aber auch neue Mittel,
neue Aufgaben zu lösen.
Aber nicht allein das. Keine technische Veränderung, keine Veränderung
in der Produktionsweise oder in der Lebensweise ist möglich ohne Rückwirkungen.
auf die Verhältnisse der Menschen zu einander. Eine gewisse Summe technischer
Fortschritte wird stets neue Arbeits- und Lebensbedingungen erheischen, die un¬
Marx weist darauf hin, daß eine kritische Geschichte der Technologie noch nicht
existirt, und bemerkt weiter: „Darwin hat das Interesse auf die Geschichte der natürlichen
Technologie gelenkt, d. h. auf die Bildung der Pflanzen und Thierorgane als Produktions¬
instrumente für das Leben der Pflanzen und Thiere. Verdient die Bildungsgeschichte der
produktiven Organe des Gesellschaftsmenschen, der materiellen Basis jeder besonderen Gesell¬
schaftsorganisation, nicht die gleiche Aufmerksamkeit? Und wäre sie nicht leichter zu liefern,
da, wie Vico sagt, die Menschengeschichte sich dadurch von der Naturgeschichte unterscheidet,
daß wir die eine gemacht und die andere nicht gemacht haben: Die Technologie enthüllt
das aktive Verhalten des Menschen zur Natur, den unmittelbaren Produktionsprozeß seines
Lebens, damit auch seiner gesellschaftlichen Lebensverhältnisse und der ihnen entquellenden
geistigen Vorstellungen. Selbst alle Religionsgeschichte, die von dieser materiellen Basis ab¬
strahirt, ist — unkrilisch. Es ist in der That viel leichter, durch Analyse den irdischen Kern¬
der religlösen Nebelbildungen zu finden, als umgekehrt aus den jedesmaligen wirklichen Lebens¬
verhältnissen ihre verhimmelten Formen zu etwickeln. Die letztere ist die einzig¬
materialistische und daher wissenschaftliche Methode.“ Marx, Kapital, I, 4. Aufl.
S. 335, Note 89.",3917,853463,857380
ca777f8a-c7c8-4fda-a05e-98c884710eae,1896-97aCLEAN.txt,"Man vergleiche z. B. mit der oben zitirten Stelle aus¬ den „Deutsch-französischen Jahrbüchern“ über das Geld folgende Auslassung im „Manifest"": „Sie schrieben ihren philosophischen Unstun hinter das französische Original. Zum Beispiel hinter die französische Kritik der Geldverhältnisse schrieben, sie Entäußerung des menschlichen Wesens....“",Manifest der Kommunistischen Partei,,276996,277338,76,"Die Neue Zeit.
76
minder als die Würdigung der Verdienste der „wahren“ Sozialisten um die
proletarische Sache vor dem „Absprechen“ bewahren.
Dafür, daß wir im Obigen das theoretische Wesen des wahren Sozig¬
lismus richtig bestimmt haben, können wir das Zeugniß keines Geringeren als
Marx' selbst anführen. „Deutsche Philosophen, Halbphilosophen und Schön¬
geister.
— heißt es in der harten Kritik des „Deutschen oder des wahren Sozia¬
lismus“ im „Kommunistischen Manifest“.
— „bemächtigten sich gierig dieser
Literatur (der fozialistischen und kommunistischen Literatur Frankreichs) und ver¬
gaßen nur, daß bei der Einwanderung jener Schriften aus Frankreich die fran¬
zösischen Lebensverhältnisse nicht gleichzeitig nach Deutschland eingewandert waren.
Den deutschen Verhältnissen gegenüber verlor die französische Literatur alle nu¬
mittelbar praktische Bedeutung und nahm ein rein Iiterarisches Aussehen an.
Als müssige Spekulation über die wahre Gesellschaft, über die Ver¬
wirklichung des menschlichen Wesens mußte sie erscheinen“ (gesperrt,
von mir. P. Str.). Ich will hier nicht diesen Abschnitt des „Kommunistischen
Mantfests"" abschreiben und stelle nur fest, daß die Konfrontirung desselben und
nicht minder des „Anti-Grün"" der demnächst in der „Neuen Zeit"" zum Abdruck¬
gelangen soll, weshalb ich auch alle Zitate daraus unterlasse, mit den sozialistischen
Erstlingsschriften von Marx und Engels die Selbstkritik in die Augen fallen
läßt. Eine Probe genügt: Man vergleiche z. B. mit der oben zitirten Stelle aus¬
den „Deutsch-französischen Jahrbüchern“ über das Geld folgende Auslassung im
„Manifest"": „Sie schrieben ihren philosophischen Unstun hinter das französische
Original. Zum Beispiel hinter die französische Kritik der Geldverhältnisse schrieben,
sie Entäußerung des menschlichen Wesens....“
Außer der gemeinsamen theoretischen Grundlage hatten der ursprüngliche
Sozialismus von Marx und Engels und der „wahre“ Sozialismus manche .
andere gemeinsame Züge. Ich werde hier nur zwei namhaft machen und be¬
sprechen. Beide überschätzten die soziale Rolle der deutschen Ideologie, des
deutschen philosophischen Denkens, und huldigten dem auf diese Ueberschätzung
aufgebauten utopischen Glauben, daß in Deutschland eine politische Revolution
uinmöglich sei. Dieser Glaube hat seinen vielleicht schärfsten Ausdruck in Marx¬
Aufsatze: „Zur Kritik der Hegelschen Rechtsphilosophie“ gefunden. Hier erklärt
Marx, daß „nicht die radikale Revolution ein utopischer Traum für Deutsch¬
land, nicht die allgemeine menschliche Emanzipation, sondern vielmehr die theil¬
weise,
die nur politische Revolution, die Revolution, welche die Pfeiler des Hauses,
stehen.
läßt"" („Deutsch-französische Jahrbücher“ S. 81).
„Die einzig praktisch mögliche Befreiung Deutschlands ist die Befreiung auf¬
m Standpunkte der Theorie, welche den Menschen für das höchste Wesen des¬
Menschen erklärt. In Deutschland ist die Emanzipation von dem Mittelalter
nur möglich als die Emanzipation zugleich von den theilweiset Ueberwindungen,
des Mittelalters. In Deutschland kann keine Art der Knechtschaft gebrochen
werden, ohne jede Art der Knechtschaft zu brechen. Das gründliche Deutsch¬
land kann nicht revolutioniren, ohne von Grund aus zu revolutioniren. Die
Emanzipation des Deutschen ist die Emanzipation des Menschen. Der Kopf¬
bieser Emanzipation ist die Philosophie, ihr Herz das Proletariat. Die Philo¬
sophie kann sich nicht verwirklichen ohne die Aufhebung des Proletariats, das
Proletariat kann sich nicht aufheben ohne die Verwirklichung der Philssophie
(a. a. O. S. 85).
Was Marx hier mit geradezu hinreißender Kraft in Bezug auf die
soziale Rolle der deutschen Ideologie ausführte, erschien bei anderet deutschen",3705,275528,279233
0e4e44de-c15a-4e67-8384-9a24e57edf7f,1896-97aCLEAN.txt,"heißt es in der harten Kritik des „Deutschen oder des wahren Sozia¬ lismus“ im „Kommunistischen Manifest“. — „bemächtigten sich gierig dieser Literatur (der fozialistischen und kommunistischen Literatur Frankreichs) und ver¬ gaßen nur, daß bei der Einwanderung jener Schriften aus Frankreich die fran¬ zösischen Lebensverhältnisse nicht gleichzeitig nach Deutschland eingewandert waren. Den deutschen Verhältnissen gegenüber verlor die französische Literatur alle nu¬ mittelbar praktische Bedeutung und nahm ein rein Iiterarisches Aussehen an. Als müssige Spekulation über die wahre Gesellschaft, über die Ver¬ wirklichung des menschlichen Wesens mußte sie erscheinen“ (gesperrt, von mir. P. Str.).",Manifest der Kommunistischen Partei,,275895,276593,76,"Die Neue Zeit.
76
minder als die Würdigung der Verdienste der „wahren“ Sozialisten um die
proletarische Sache vor dem „Absprechen“ bewahren.
Dafür, daß wir im Obigen das theoretische Wesen des wahren Sozig¬
lismus richtig bestimmt haben, können wir das Zeugniß keines Geringeren als
Marx' selbst anführen. „Deutsche Philosophen, Halbphilosophen und Schön¬
geister.
— heißt es in der harten Kritik des „Deutschen oder des wahren Sozia¬
lismus“ im „Kommunistischen Manifest“.
— „bemächtigten sich gierig dieser
Literatur (der fozialistischen und kommunistischen Literatur Frankreichs) und ver¬
gaßen nur, daß bei der Einwanderung jener Schriften aus Frankreich die fran¬
zösischen Lebensverhältnisse nicht gleichzeitig nach Deutschland eingewandert waren.
Den deutschen Verhältnissen gegenüber verlor die französische Literatur alle nu¬
mittelbar praktische Bedeutung und nahm ein rein Iiterarisches Aussehen an.
Als müssige Spekulation über die wahre Gesellschaft, über die Ver¬
wirklichung des menschlichen Wesens mußte sie erscheinen“ (gesperrt,
von mir. P. Str.). Ich will hier nicht diesen Abschnitt des „Kommunistischen
Mantfests"" abschreiben und stelle nur fest, daß die Konfrontirung desselben und
nicht minder des „Anti-Grün"" der demnächst in der „Neuen Zeit"" zum Abdruck¬
gelangen soll, weshalb ich auch alle Zitate daraus unterlasse, mit den sozialistischen
Erstlingsschriften von Marx und Engels die Selbstkritik in die Augen fallen
läßt. Eine Probe genügt: Man vergleiche z. B. mit der oben zitirten Stelle aus¬
den „Deutsch-französischen Jahrbüchern“ über das Geld folgende Auslassung im
„Manifest"": „Sie schrieben ihren philosophischen Unstun hinter das französische
Original. Zum Beispiel hinter die französische Kritik der Geldverhältnisse schrieben,
sie Entäußerung des menschlichen Wesens....“
Außer der gemeinsamen theoretischen Grundlage hatten der ursprüngliche
Sozialismus von Marx und Engels und der „wahre“ Sozialismus manche .
andere gemeinsame Züge. Ich werde hier nur zwei namhaft machen und be¬
sprechen. Beide überschätzten die soziale Rolle der deutschen Ideologie, des
deutschen philosophischen Denkens, und huldigten dem auf diese Ueberschätzung
aufgebauten utopischen Glauben, daß in Deutschland eine politische Revolution
uinmöglich sei. Dieser Glaube hat seinen vielleicht schärfsten Ausdruck in Marx¬
Aufsatze: „Zur Kritik der Hegelschen Rechtsphilosophie“ gefunden. Hier erklärt
Marx, daß „nicht die radikale Revolution ein utopischer Traum für Deutsch¬
land, nicht die allgemeine menschliche Emanzipation, sondern vielmehr die theil¬
weise,
die nur politische Revolution, die Revolution, welche die Pfeiler des Hauses,
stehen.
läßt"" („Deutsch-französische Jahrbücher“ S. 81).
„Die einzig praktisch mögliche Befreiung Deutschlands ist die Befreiung auf¬
m Standpunkte der Theorie, welche den Menschen für das höchste Wesen des¬
Menschen erklärt. In Deutschland ist die Emanzipation von dem Mittelalter
nur möglich als die Emanzipation zugleich von den theilweiset Ueberwindungen,
des Mittelalters. In Deutschland kann keine Art der Knechtschaft gebrochen
werden, ohne jede Art der Knechtschaft zu brechen. Das gründliche Deutsch¬
land kann nicht revolutioniren, ohne von Grund aus zu revolutioniren. Die
Emanzipation des Deutschen ist die Emanzipation des Menschen. Der Kopf¬
bieser Emanzipation ist die Philosophie, ihr Herz das Proletariat. Die Philo¬
sophie kann sich nicht verwirklichen ohne die Aufhebung des Proletariats, das
Proletariat kann sich nicht aufheben ohne die Verwirklichung der Philssophie
(a. a. O. S. 85).
Was Marx hier mit geradezu hinreißender Kraft in Bezug auf die
soziale Rolle der deutschen Ideologie ausführte, erschien bei anderet deutschen",3705,275528,279233
7acde8f4-49a6-4ec4-b03e-9a87498dfff2,1896-97aCLEAN.txt,"Bet gewissem Höhegrad und Umfang der Waarenproduktion greift die Funktion des Geldes als Zahlungsmittel über die Sphäre der Waarenzirkulation hinaus. Es wird die allgeneine Waare der Kontrakte. Renten, Steuern u. s. w. ver¬ wandeln sich aus Naturallieferungen in Geldzahlungen. Wie sehr diese Um¬ wandlung durch die Gesammtgestalt des Produktionsprozefses bedingt wird, be¬ weist z. B. der zweimal gescheiterte Versuch des römischen Kaiserreichs, alle Ab¬ gaben in Geld zu erheben. Das ungeheure Elend des französischen Landvolts¬ unter Ludwig XIV., das Boisguillebert, Marschall Vauban u. s. w. so beredt denunziren, war nicht nur der Steuerhöhe geschuldet, sondern auch der Verwand¬ lung der Naturalsteuer in Geldsteuer. Wenn andererseits die Naturalform der Grundrente, in Asien zugleich das Hauptelement der Staatssteuer, dort auf Pro¬ duktionselementen beruht, welche sich mit der Umwandelbarkeit von Natural¬ verhältnissen reproduziren erhält jene Zahlungsform rückwirkend die alte Pro¬ duktionsform. Sie bildet eines der Selbsterhaltungsgeheimnisse des türkischen Reichs.“ („Kapital“, I. Band, 2. Auflage, Seite 122.)",Kapital,"Band 1, 2. Auflage, p. 122",155397,156521,38,"La Barbe: Die Steuern im türkischen Armenien &c.
437
das Stehlen kolossale Dinensionen annimmt. Klee wird gewöhnlich zweimal¬
hoch wie Heit eingeschätzt. Die Einnehmer schätzen alle ländlichen Produkte zu
den Preisen der Stadt, während in der asiatischen Türkei, wie in allen rück¬
ständigen Ländern, wo keine guten Verkehrsmittel vorhanden sind, ein sehr
bedeutender Unterschied zwischen den Preisen der Lebensmittel in der Stadt und
auf dem flachen Lande besteht; in den Dörfern ist alles billiger als in der Stadt.
Bei Gomüsen, Honig, Früchten u. s. w. wird das Maß nach dem Augen¬
schein, annähernd abgeschätzt. Der Einnehmer selbst schätzt ab! Er schätzt das¬
Maß „annähernd“ ab (gewiß immer das Doppelte), er bestimmt den Preis nach
seinem freien Ermessen und dann fordert er das Achtel desselben in Geld. Und¬
das ist das Achtel des türkischen Gesetzes! Oft, sehr oft bietet der arme Bauer¬
den ganzen Bruttoertrag seines Feldes, seines Gemüse- oder Obstgartens,
nur unt dieser fluchwürdigen Steuer zu entgehen.... Allein der Wucherer und
sein Einnehmer verlangen, unterstüitzt von Polizei und stehendem Heer Geld und
nur Geld; sie wollen die Naturprodukte nicht!""
Hier sind wir zu dem entscheidenden Punkte gekommen, in dem das Elend¬
Armeniens, der Provinzen des türkischen Reichs überhaupt wurzelt. Die Ursache,
ihres Elends ist dieselbe, die den französischen Bauern unter Ludwig XIV ruinirte.
Bis zu Ludwig XIV wurden die Steuern in Naturprodukten erhoben,
unter Ludwig XIV. ersetzte man die Naturalsteuer durch die Steuer in baarem,
Welch' kleine, einfache Thatfache, scheinbar unwichtig ... aber welch¬
Geld.
erschreckendes Elend, welch' jammervoller Pauperismus ging daraus hervor!,
Wir führen die Worte von Karl Marx über diese Frage an:
Bet gewissem Höhegrad und Umfang der Waarenproduktion greift die Funktion
des Geldes als Zahlungsmittel über die Sphäre der Waarenzirkulation hinaus.
Es wird die allgeneine Waare der Kontrakte. Renten, Steuern u. s. w. ver¬
wandeln sich aus Naturallieferungen in Geldzahlungen. Wie sehr diese Um¬
wandlung durch die Gesammtgestalt des Produktionsprozefses bedingt wird, be¬
weist z. B. der zweimal gescheiterte Versuch des römischen Kaiserreichs, alle Ab¬
gaben in Geld zu erheben. Das ungeheure Elend des französischen Landvolts¬
unter Ludwig XIV., das Boisguillebert, Marschall Vauban u. s. w. so beredt
denunziren, war nicht nur der Steuerhöhe geschuldet, sondern auch der Verwand¬
lung der Naturalsteuer in Geldsteuer. Wenn andererseits die Naturalform der
Grundrente, in Asien zugleich das Hauptelement der Staatssteuer, dort auf Pro¬
duktionselementen beruht, welche sich mit der Umwandelbarkeit von Natural¬
verhältnissen reproduziren erhält jene Zahlungsform rückwirkend die alte Pro¬
duktionsform. Sie bildet eines der Selbsterhaltungsgeheimnisse des
türkischen Reichs.“ („Kapital“, I. Band, 2. Auflage, Seite 122.),
Die Naturalform der Steuern ist „eins der Selbsterhaltungsgeheimnisse
des türkischen Reichs"", sagt Marx; er hatte damit vollkommen Recht damals als¬
er das „Kapital"" schrieb. Aber seitdem hat sich das gründlich geändert.
Wäre das türkische Reich von Ländern der gleichen oder noch niedrigerer
Kulturstufe umgeben, so hätte sich in seinem Steuerwesen nichts geändert. Allein
die Türket ist umringt von europäischen Ländern mit hochentwickelter kapitalistischer
Produktionsweise, zu denen sie in Beziehungen steht. Ein Land, welches noch¬
„Naturalwirthschaft"" hat, wo der Tauschhandel ohne Geld noch oft vorkommt,
ein solches Land ist mit Rußland, England, Frankreich und anderen Ländern
mit entwickelter kapitalistischer Produktionsweise in innigen Verkehr getreten.
Zwar haben die europäische Türkei und einige Theile der astatischen Türkei¬
schon lange den Weg der eigentlichen
einige am Meer gelegene Stüidte i",3792,153643,157435
268cb4b1-e25e-4c51-a3d0-aa51b85a298c,1896-97aCLEAN.txt,„die Arbeiter¬ klasse nicht die fertige Staatsmaschine einfach in Besitz nehmen und für ihre eigenen Zwecke in Bewegung setzen kann“,Manifest der Kommunistischen Partei,From German Forward 1872,91679,91811,18,"Das demokrattsche Prinzip und seine Anwendung.
25
liegt das auf der Hand. Wir mögen bis an den Eingang zur Werkstatt gleich¬
sein, aber in der Werkstatt sind wir es nicht mehr. Da muß der Ingenieur
anordnett und der Schlosser, Dreher &c. ausführen, da kann der Heizer nicht
nach seinem Kopf verfahren und den Kessel abstellen, wenn es ihm paßt. So¬
in jedem großen Wirthschaftsunternehmen, so aber auch in der Wirthschaft selbst.
Ueberall, wo Kooporation ist, ist Arbeitstheilung, und wo Arbeitstheilung ist,
ist Verschiedenheit der Funktionen, wo Verschiedenheit der Funktionen Verschieden¬
heit der Vollmachten. Diese sind heute vielfach übertrieben, weil das überkommene
Nr C
Klassenmoment hineinspielt, weil der Hert Ingenieur in der Regel der he¬
schenden Gesellschaftsklasse angehört und der Dreher der beherrschten. Diese Ueber¬
treibung, der Absolutismus in der Werkstatt &c., läßt sich beseitigen und wird
im Lautfe der Entwicklung beseitigt werden. Aber eben nur die Uebertreibung,
die Differenzirung wird darum doch bleiben. Sie wird nur ihre Schärfe dadurch¬
verlieren, daß die Menschen selbst vielseitiger ausgebildet und vielseitiger beschäftigt,
werden, so daß die Unterordnung wechselt.
Die Sozialdemokratie kann sich nicht außerhalb der Gesellschaft stellen,
der sie lebt, kann also auch in ihren Reihen die thatsächlichen Unterschiede nicht
ignoriren. Es wird immer ihr Bestreben sein müssen, für jeden Posten den
möglichst geeigneten Mann herauszusuchen, und das trifft auch für die Vertretung
im Parlament 3u.
In Uebrigen sind für die Verwirklichung der Demokratie noch wichtigere,
Aufgaben zu erfüllen als die Verbesserung der Stimmenzählungsmethoden. Sehr
viel wichtiger ist die Demokratisirung der Verwaltungen, die bessere Vertheilung
der Verwaltungsaufgaben und die Demokratisirung des Wahlrechts zu den Ver¬
waltungskörpern. Ob die Arbetterklasse statt durch 45 durch 95 Abgeordnete,
im Reichstag vertreten ist, das würde an den Dingen vorderhand wenig ändern,
denn die Gesetze würden kaum viel anders ausfallen als jetzt. Aber noch ist
der Eintritt in die meisten Landtage, in die Provinzial- und Kreisvertretungen.
den Arbeitern verschlossen, und in den Gemeindevertretungen nur mit großen
Einschränkungen möglich. Das möchte Manchem hente als gleichgiltig erscheinen
gegenüber den großen Erfolgen bei den Reichstagswahlen. Ohue diese zu ver¬
kleinern müssen wir jedoch daran erinnern, daß diese Erfolge zum Theil das
Produkt außergewöhnlicher Umstände sind, und daß im Uebrigen „die Arbeiter¬
klasse nicht die fertige Staatsmaschine einfach in Besitz nehmen und für ihre
eigenen Zwecke in Bewegung setzen kann“
Wir erkennen also an, daß innerhalb gewisser Greuzen und unter bestimmten.
erhältnissen — sehr vorgeschrittene politische Einrichtungen - has Proportional¬
wahlsystem wünschbar sein mag. In Deutschland, wo noch so viele Elementar¬
bedingungen demokratischen Lebens fehlen, ist es ein Luxusartikel, für den Kraft¬
einzusetzen sie wichtigeren Arbeiten entziehen hieße.
—
Beispiele dafür giebt es schon heute. So kommen bei sogenannten freiwilligen
Feuerwehren Subordinationsverhältnisse vor, die den bürgerlichen Lebensstellungen der be¬
treffenden Personen direkt widersprechen. Desgleichen beim Heer, und sie würden dort noch
hüufiger sein, wenn nicht in Deutschland bei den Heereseinrichtungen dem ständischen Prinzip
Rechnung getragen würde.

NEW_DOCUMENT	
Zinner,+etal._1896_15:01_388_Notizen,Feuilleton",3446,89172,92618
